{
  "type": "FeatureCollection",
  "features": [
    {
      "type": "Feature",
      "geometry": { "coordinates": [112.74791, -7.26095], "type": "Point" },
      "properties": {
        "fid": 2413,
        "NAMA": "BALAI KOTA SURABAYA",
        "TIPE_1": "TRANSPORTASI",
        "TIPE_2": "HALTE",
        "TIPE_3": "-",
        "TELEPON": "",
        "ALAMAT": "KETABANG, KEC. GENTENG, SURABAYA, JAWA TIMUR",
        "ID_PROV": "35",
        "PROVINSI": "JAWA TIMUR",
        "ID_KABKOT": "35.78",
        "KABKOT": "KOTA SURABAYA",
        "ID_KEC": "35.78.07",
        "KECAMATAN": "GENTENG",
        "ID_DESA": "35.78.07.1004",
        "DESA": "KETABANG",
        "LONGITUDE": 112.74791,
        "LATITUDE": -7.26095,
        "STATUS": "BUKA",
        "TANGGAL PENGUMPULAN": "Q2 2024",
        "TANGGAL UPDATE": "27/07/2025"
      }
    },
    {
      "type": "Feature",
      "geometry": { "coordinates": [112.734052, -7.255178], "type": "Point" },
      "properties": {
        "fid": 2415,
        "NAMA": "BLAURAN",
        "TIPE_1": "TRANSPORTASI",
        "TIPE_2": "HALTE",
        "TIPE_3": "-",
        "TELEPON": "",
        "ALAMAT": "BUBUTAN, KEC. BUBUTAN, SURABAYA, JAWA TIMUR",
        "ID_PROV": "35",
        "PROVINSI": "JAWA TIMUR",
        "ID_KABKOT": "35.78",
        "KABKOT": "KOTA SURABAYA",
        "ID_KEC": "35.78.13",
        "KECAMATAN": "BUBUTAN",
        "ID_DESA": "35.78.13.1002",
        "DESA": "BUBUTAN",
        "LONGITUDE": 112.734052,
        "LATITUDE": -7.255178,
        "STATUS": "BUKA",
        "TANGGAL PENGUMPULAN": "Q2 2024",
        "TANGGAL UPDATE": "27/07/2025"
      }
    },
    {
      "type": "Feature",
      "geometry": { "coordinates": [112.72499, -7.34192], "type": "Point" },
      "properties": {
        "fid": 2417,
        "NAMA": "BUS STOP JL. MANANGGAL 3",
        "TIPE_1": "TRANSPORTASI",
        "TIPE_2": "HALTE",
        "TIPE_3": "-",
        "TELEPON": "",
        "ALAMAT": "JL. MANANGGAL NO.3, MENANGGAL, KEC. GAYUNGAN, SURABAYA, JAWA TIMUR 60293",
        "ID_PROV": "35",
        "PROVINSI": "JAWA TIMUR",
        "ID_KABKOT": "35.78",
        "KABKOT": "KOTA SURABAYA",
        "ID_KEC": "35.78.22",
        "KECAMATAN": "GAYUNGAN",
        "ID_DESA": "35.78.22.1002",
        "DESA": "MENANGGAL",
        "LONGITUDE": 112.72499,
        "LATITUDE": -7.34192,
        "STATUS": "BUKA",
        "TANGGAL PENGUMPULAN": "Q2 2024",
        "TANGGAL UPDATE": "27/07/2025"
      }
    },
    {
      "type": "Feature",
      "geometry": { "coordinates": [112.7440154, -7.2637315], "type": "Point" },
      "properties": {
        "fid": 2420,
        "NAMA": "GUBERNUR SURYO",
        "TIPE_1": "TRANSPORTASI",
        "TIPE_2": "HALTE",
        "TIPE_3": "-",
        "TELEPON": "",
        "ALAMAT": "EMBONG KALIASIN, KEC. GENTENG, SURABAYA, JAWA TIMUR",
        "ID_PROV": "35",
        "PROVINSI": "JAWA TIMUR",
        "ID_KABKOT": "35.78",
        "KABKOT": "KOTA SURABAYA",
        "ID_KEC": "35.78.07",
        "KECAMATAN": "GENTENG",
        "ID_DESA": "35.78.07.1001",
        "DESA": "EMBONG KALIASIN",
        "LONGITUDE": 112.7440154,
        "LATITUDE": -7.2637315,
        "STATUS": "BUKA",
        "TANGGAL PENGUMPULAN": "Q2 2024",
        "TANGGAL UPDATE": "27/07/2025"
      }
    },
    {
      "type": "Feature",
      "geometry": { "coordinates": [112.7347922, -7.3082242], "type": "Point" },
      "properties": {
        "fid": 2425,
        "NAMA": "HALTE",
        "TIPE_1": "TRANSPORTASI",
        "TIPE_2": "HALTE",
        "TIPE_3": "-",
        "TELEPON": "",
        "ALAMAT": "ROYAL PLAZA UPPER GROUND FLOOR, JL. AHMAD YANI NO.16 - 18, WONOKROMO, KEC. WONOKROMO, SURABAYA, JAWA TIMUR 60243",
        "ID_PROV": "35",
        "PROVINSI": "JAWA TIMUR",
        "ID_KABKOT": "35.78",
        "KABKOT": "KOTA SURABAYA",
        "ID_KEC": "35.78.04",
        "KECAMATAN": "WONOKROMO",
        "ID_DESA": "35.78.04.1001",
        "DESA": "WONOKROMO",
        "LONGITUDE": 112.7347922,
        "LATITUDE": -7.3082242,
        "STATUS": "BUKA",
        "TANGGAL PENGUMPULAN": "Q2 2024",
        "TANGGAL UPDATE": "27/07/2025"
      }
    },
    {
      "type": "Feature",
      "geometry": { "coordinates": [112.767432, -7.3198039], "type": "Point" },
      "properties": {
        "fid": 2429,
        "NAMA": "HALTE 1 UBAYA",
        "TIPE_1": "TRANSPORTASI",
        "TIPE_2": "HALTE",
        "TIPE_3": "-",
        "TELEPON": "",
        "ALAMAT": "KALI RUNGKUT, KEC. RUNGKUT, SURABAYA, JAWA TIMUR 60293",
        "ID_PROV": "35",
        "PROVINSI": "JAWA TIMUR",
        "ID_KABKOT": "35.78",
        "KABKOT": "KOTA SURABAYA",
        "ID_KEC": "35.78.03",
        "KECAMATAN": "RUNGKUT",
        "ID_DESA": "35.78.03.1001",
        "DESA": "KALIRUNGKUT",
        "LONGITUDE": 112.767432,
        "LATITUDE": -7.3198039,
        "STATUS": "BUKA",
        "TANGGAL PENGUMPULAN": "Q2 2024",
        "TANGGAL UPDATE": "27/07/2025"
      }
    },
    {
      "type": "Feature",
      "geometry": { "coordinates": [112.7668496, -7.3209967], "type": "Point" },
      "properties": {
        "fid": 2430,
        "NAMA": "HALTE 2 UBAYA",
        "TIPE_1": "TRANSPORTASI",
        "TIPE_2": "HALTE",
        "TIPE_3": "-",
        "TELEPON": "",
        "ALAMAT": "KALI RUNGKUT, KEC. RUNGKUT, SURABAYA, JAWA TIMUR 60293",
        "ID_PROV": "35",
        "PROVINSI": "JAWA TIMUR",
        "ID_KABKOT": "35.78",
        "KABKOT": "KOTA SURABAYA",
        "ID_KEC": "35.78.03",
        "KECAMATAN": "RUNGKUT",
        "ID_DESA": "35.78.03.1001",
        "DESA": "KALIRUNGKUT",
        "LONGITUDE": 112.7668496,
        "LATITUDE": -7.3209967,
        "STATUS": "BUKA",
        "TANGGAL PENGUMPULAN": "Q2 2024",
        "TANGGAL UPDATE": "27/07/2025"
      }
    },
    {
      "type": "Feature",
      "geometry": { "coordinates": [112.730552, -7.2933223], "type": "Point" },
      "properties": {
        "fid": 2435,
        "NAMA": "HALTE ADITYA WARMAN",
        "TIPE_1": "TRANSPORTASI",
        "TIPE_2": "HALTE",
        "TIPE_3": "-",
        "TELEPON": "",
        "ALAMAT": "DARMO, KEC. WONOKROMO, SURABAYA, JAWA TIMUR",
        "ID_PROV": "35",
        "PROVINSI": "JAWA TIMUR",
        "ID_KABKOT": "35.78",
        "KABKOT": "KOTA SURABAYA",
        "ID_KEC": "35.78.04",
        "KECAMATAN": "WONOKROMO",
        "ID_DESA": "35.78.04.1005",
        "DESA": "DARMO",
        "LONGITUDE": 112.730552,
        "LATITUDE": -7.2933223,
        "STATUS": "BUKA",
        "TANGGAL PENGUMPULAN": "Q2 2024",
        "TANGGAL UPDATE": "27/07/2025"
      }
    },
    {
      "type": "Feature",
      "geometry": { "coordinates": [112.7925995, -7.2886574], "type": "Point" },
      "properties": {
        "fid": 2444,
        "NAMA": "HALTE ASRAMA MAHASISWA ITS",
        "TIPE_1": "TRANSPORTASI",
        "TIPE_2": "HALTE",
        "TIPE_3": "-",
        "TELEPON": "",
        "ALAMAT": "KEPUTIH, KEC. SUKOLILO, SURABAYA, JAWA TIMUR 60111",
        "ID_PROV": "35",
        "PROVINSI": "JAWA TIMUR",
        "ID_KABKOT": "35.78",
        "KABKOT": "KOTA SURABAYA",
        "ID_KEC": "35.78.09",
        "KECAMATAN": "SUKOLILO",
        "ID_DESA": "35.78.09.1001",
        "DESA": "KEPUTIH",
        "LONGITUDE": 112.7925995,
        "LATITUDE": -7.2886574,
        "STATUS": "BUKA",
        "TANGGAL PENGUMPULAN": "Q2 2024",
        "TANGGAL UPDATE": "27/07/2025"
      }
    },
    {
      "type": "Feature",
      "geometry": { "coordinates": [112.7473982, -7.2606265], "type": "Point" },
      "properties": {
        "fid": 2445,
        "NAMA": "HALTE BALAI KOTA B",
        "TIPE_1": "TRANSPORTASI",
        "TIPE_2": "HALTE",
        "TIPE_3": "-",
        "TELEPON": "",
        "ALAMAT": "JL. SEDAP MALAM, KETABANG, KEC. GENTENG, SURABAYA, JAWA TIMUR 60272",
        "ID_PROV": "35",
        "PROVINSI": "JAWA TIMUR",
        "ID_KABKOT": "35.78",
        "KABKOT": "KOTA SURABAYA",
        "ID_KEC": "35.78.07",
        "KECAMATAN": "GENTENG",
        "ID_DESA": "35.78.07.1004",
        "DESA": "KETABANG",
        "LONGITUDE": 112.7473982,
        "LATITUDE": -7.2606265,
        "STATUS": "BUKA",
        "TANGGAL PENGUMPULAN": "Q2 2024",
        "TANGGAL UPDATE": "27/07/2025"
      }
    },
    {
      "type": "Feature",
      "geometry": { "coordinates": [112.7447123, -7.2671894], "type": "Point" },
      "properties": {
        "fid": 2446,
        "NAMA": "HALTE BAMBU RUNCING",
        "TIPE_1": "TRANSPORTASI",
        "TIPE_2": "HALTE",
        "TIPE_3": "-",
        "TELEPON": "",
        "ALAMAT": "JL. TAMAN AIS NASUTION NO.1, EMBONG KALIASIN, KEC. GENTENG, SURABAYA, JAWA TIMUR 60271",
        "ID_PROV": "35",
        "PROVINSI": "JAWA TIMUR",
        "ID_KABKOT": "35.78",
        "KABKOT": "KOTA SURABAYA",
        "ID_KEC": "35.78.07",
        "KECAMATAN": "GENTENG",
        "ID_DESA": "35.78.07.1001",
        "DESA": "EMBONG KALIASIN",
        "LONGITUDE": 112.7447123,
        "LATITUDE": -7.2671894,
        "STATUS": "BUKA",
        "TANGGAL PENGUMPULAN": "Q2 2024",
        "TANGGAL UPDATE": "27/07/2025"
      }
    },
    {
      "type": "Feature",
      "geometry": { "coordinates": [112.7515999, -7.2679217], "type": "Point" },
      "properties": {
        "fid": 2447,
        "NAMA": "HALTE BANDA A",
        "TIPE_1": "TRANSPORTASI",
        "TIPE_2": "HALTE",
        "TIPE_3": "-",
        "TELEPON": "",
        "ALAMAT": "JL. BANDA, GUBENG, KEC. GUBENG, SURABAYA, JAWA TIMUR 60281",
        "ID_PROV": "35",
        "PROVINSI": "JAWA TIMUR",
        "ID_KABKOT": "35.78",
        "KABKOT": "KOTA SURABAYA",
        "ID_KEC": "35.78.08",
        "KECAMATAN": "GUBENG",
        "ID_DESA": "35.78.08.1001",
        "DESA": "GUBENG",
        "LONGITUDE": 112.7515999,
        "LATITUDE": -7.2679217,
        "STATUS": "BUKA",
        "TANGGAL PENGUMPULAN": "Q2 2024",
        "TANGGAL UPDATE": "27/07/2025"
      }
    },
    {
      "type": "Feature",
      "geometry": { "coordinates": [112.75162, -7.2679899], "type": "Point" },
      "properties": {
        "fid": 2448,
        "NAMA": "HALTE BANDA B",
        "TIPE_1": "TRANSPORTASI",
        "TIPE_2": "HALTE",
        "TIPE_3": "-",
        "TELEPON": "",
        "ALAMAT": "JL. BANDA NO.7A, GUBENG, KEC. GUBENG, SURABAYA, JAWA TIMUR 60281",
        "ID_PROV": "35",
        "PROVINSI": "JAWA TIMUR",
        "ID_KABKOT": "35.78",
        "KABKOT": "KOTA SURABAYA",
        "ID_KEC": "35.78.08",
        "KECAMATAN": "GUBENG",
        "ID_DESA": "35.78.08.1001",
        "DESA": "GUBENG",
        "LONGITUDE": 112.75162,
        "LATITUDE": -7.2679899,
        "STATUS": "BUKA",
        "TANGGAL PENGUMPULAN": "Q2 2024",
        "TANGGAL UPDATE": "27/07/2025"
      }
    },
    {
      "type": "Feature",
      "geometry": { "coordinates": [112.7415259, -7.2713493], "type": "Point" },
      "properties": {
        "fid": 2449,
        "NAMA": "HALTE BASUKI RAHMAD",
        "TIPE_1": "TRANSPORTASI",
        "TIPE_2": "HALTE",
        "TIPE_3": "-",
        "TELEPON": "",
        "ALAMAT": "JL. BASUKI RAHMAT 1717-2001, EMBONG KALIASIN, KEC. GENTENG, SURABAYA, JAWA TIMUR 60271",
        "ID_PROV": "35",
        "PROVINSI": "JAWA TIMUR",
        "ID_KABKOT": "35.78",
        "KABKOT": "KOTA SURABAYA",
        "ID_KEC": "35.78.07",
        "KECAMATAN": "GENTENG",
        "ID_DESA": "35.78.07.1001",
        "DESA": "EMBONG KALIASIN",
        "LONGITUDE": 112.7415259,
        "LATITUDE": -7.2713493,
        "STATUS": "BUKA",
        "TANGGAL PENGUMPULAN": "Q2 2024",
        "TANGGAL UPDATE": "27/07/2025"
      }
    },
    {
      "type": "Feature",
      "geometry": { "coordinates": [112.6791917, -7.2586389], "type": "Point" },
      "properties": {
        "fid": 2450,
        "NAMA": "HALTE BAYANGAN",
        "TIPE_1": "TRANSPORTASI",
        "TIPE_2": "HALTE",
        "TIPE_3": "-",
        "TELEPON": "",
        "ALAMAT": "RAYA, BALONGSARI, KEC. TANDES, SURABAYA, JAWA TIMUR",
        "ID_PROV": "35",
        "PROVINSI": "JAWA TIMUR",
        "ID_KABKOT": "35.78",
        "KABKOT": "KOTA SURABAYA",
        "ID_KEC": "35.78.14",
        "KECAMATAN": "TANDES",
        "ID_DESA": "35.78.14.1007",
        "DESA": "BALONGSARI",
        "LONGITUDE": 112.6791917,
        "LATITUDE": -7.2586389,
        "STATUS": "BUKA",
        "TANGGAL PENGUMPULAN": "Q2 2024",
        "TANGGAL UPDATE": "27/07/2025"
      }
    },
    {
      "type": "Feature",
      "geometry": { "coordinates": [112.73771, -7.24069], "type": "Point" },
      "properties": {
        "fid": 2451,
        "NAMA": "HALTE BCA VETERAN",
        "TIPE_1": "TRANSPORTASI",
        "TIPE_2": "HALTE",
        "TIPE_3": "-",
        "TELEPON": "",
        "ALAMAT": "KREMBANGAN SEL., KEC. KREMBANGAN, SURABAYA, JAWA TIMUR 60175",
        "ID_PROV": "35",
        "PROVINSI": "JAWA TIMUR",
        "ID_KABKOT": "35.78",
        "KABKOT": "KOTA SURABAYA",
        "ID_KEC": "35.78.15",
        "KECAMATAN": "KREMBANGAN",
        "ID_DESA": "35.78.15.1001",
        "DESA": "KREMBANGAN SELATAN",
        "LONGITUDE": 112.73771,
        "LATITUDE": -7.24069,
        "STATUS": "BUKA",
        "TANGGAL PENGUMPULAN": "Q2 2024",
        "TANGGAL UPDATE": "27/07/2025"
      }
    },
    {
      "type": "Feature",
      "geometry": { "coordinates": [112.7379414, -7.2898786], "type": "Point" },
      "properties": {
        "fid": 2452,
        "NAMA": "HALTE BENGAWAN 2",
        "TIPE_1": "TRANSPORTASI",
        "TIPE_2": "HALTE",
        "TIPE_3": "-",
        "TELEPON": "",
        "ALAMAT": "JL. BENGAWAN NO.35, RT.004/RW.02, DARMO, WONOKROMO, SURABAYA, EAST JAVA 60241",
        "ID_PROV": "35",
        "PROVINSI": "JAWA TIMUR",
        "ID_KABKOT": "35.78",
        "KABKOT": "KOTA SURABAYA",
        "ID_KEC": "35.78.04",
        "KECAMATAN": "WONOKROMO",
        "ID_DESA": "35.78.04.1005",
        "DESA": "DARMO",
        "LONGITUDE": 112.7379414,
        "LATITUDE": -7.2898786,
        "STATUS": "BUKA",
        "TANGGAL PENGUMPULAN": "Q2 2024",
        "TANGGAL UPDATE": "27/07/2025"
      }
    },
    {
      "type": "Feature",
      "geometry": { "coordinates": [112.7341076, -7.2551663], "type": "Point" },
      "properties": {
        "fid": 2453,
        "NAMA": "HALTE BG. JUNCTION MALL",
        "TIPE_1": "TRANSPORTASI",
        "TIPE_2": "HALTE",
        "TIPE_3": "-",
        "TELEPON": "",
        "ALAMAT": "BUBUTAN, KEC. BUBUTAN, SURABAYA, JAWA TIMUR",
        "ID_PROV": "35",
        "PROVINSI": "JAWA TIMUR",
        "ID_KABKOT": "35.78",
        "KABKOT": "KOTA SURABAYA",
        "ID_KEC": "35.78.13",
        "KECAMATAN": "BUBUTAN",
        "ID_DESA": "35.78.13.1002",
        "DESA": "BUBUTAN",
        "LONGITUDE": 112.7341076,
        "LATITUDE": -7.2551663,
        "STATUS": "BUKA",
        "TANGGAL PENGUMPULAN": "Q2 2024",
        "TANGGAL UPDATE": "27/07/2025"
      }
    },
    {
      "type": "Feature",
      "geometry": { "coordinates": [112.7494042, -7.2758229], "type": "Point" },
      "properties": {
        "fid": 2457,
        "NAMA": "HALTE BILITON 2",
        "TIPE_1": "TRANSPORTASI",
        "TIPE_2": "HALTE",
        "TIPE_3": "-",
        "TELEPON": "",
        "ALAMAT": "JL. BILITON 55 NO.69-73, GUBENG, KEC. GUBENG, SURABAYA, JAWA TIMUR 60281",
        "ID_PROV": "35",
        "PROVINSI": "JAWA TIMUR",
        "ID_KABKOT": "35.78",
        "KABKOT": "KOTA SURABAYA",
        "ID_KEC": "35.78.08",
        "KECAMATAN": "GUBENG",
        "ID_DESA": "35.78.08.1001",
        "DESA": "GUBENG",
        "LONGITUDE": 112.7494042,
        "LATITUDE": -7.2758229,
        "STATUS": "BUKA",
        "TANGGAL PENGUMPULAN": "Q2 2024",
        "TANGGAL UPDATE": "27/07/2025"
      }
    },
    {
      "type": "Feature",
      "geometry": { "coordinates": [112.691909, -7.2842904], "type": "Point" },
      "properties": {
        "fid": 2509,
        "NAMA": "HALTE BUS PRADAH KALI KENDAL",
        "TIPE_1": "TRANSPORTASI",
        "TIPE_2": "HALTE",
        "TIPE_3": "-",
        "TELEPON": "",
        "ALAMAT": "JL. MAYJEN HR. MUHAMMAD, PRADAHKALIKENDAL, KEC. DUKUHPAKIS, SURABAYA, JAWA TIMUR",
        "ID_PROV": "35",
        "PROVINSI": "JAWA TIMUR",
        "ID_KABKOT": "35.78",
        "KABKOT": "KOTA SURABAYA",
        "ID_KEC": "35.78.21",
        "KECAMATAN": "DUKUH PAKIS",
        "ID_DESA": "35.78.21.1004",
        "DESA": "PRADAH KALIKENDAL",
        "LONGITUDE": 112.691909,
        "LATITUDE": -7.2842904,
        "STATUS": "BUKA",
        "TANGGAL PENGUMPULAN": "Q2 2024",
        "TANGGAL UPDATE": "27/07/2025"
      }
    },
    {
      "type": "Feature",
      "geometry": { "coordinates": [112.7352099, -7.3086372], "type": "Point" },
      "properties": {
        "fid": 2512,
        "NAMA": "HALTE BUS ROYAL PLAZA",
        "TIPE_1": "TRANSPORTASI",
        "TIPE_2": "HALTE",
        "TIPE_3": "-",
        "TELEPON": "",
        "ALAMAT": "ROYAL PLAZA, WONOKROMO, KEC. WONOKROMO, SURABAYA, JAWA TIMUR 60243",
        "ID_PROV": "35",
        "PROVINSI": "JAWA TIMUR",
        "ID_KABKOT": "35.78",
        "KABKOT": "KOTA SURABAYA",
        "ID_KEC": "35.78.04",
        "KECAMATAN": "WONOKROMO",
        "ID_DESA": "35.78.04.1001",
        "DESA": "WONOKROMO",
        "LONGITUDE": 112.7352099,
        "LATITUDE": -7.3086372,
        "STATUS": "BUKA",
        "TANGGAL PENGUMPULAN": "Q2 2024",
        "TANGGAL UPDATE": "27/07/2025"
      }
    },
    {
      "type": "Feature",
      "geometry": { "coordinates": [112.6657726, -7.3068927], "type": "Point" },
      "properties": {
        "fid": 2527,
        "NAMA": "HALTE BUS TRANS SEMANGGI",
        "TIPE_1": "TRANSPORTASI",
        "TIPE_2": "HALTE",
        "TIPE_3": "-",
        "TELEPON": "",
        "ALAMAT": "JL. RAYA LIDAH WETAN, LIDAH WETAN, KEC. LAKARSANTRI, SURABAYA, JAWA TIMUR",
        "ID_PROV": "35",
        "PROVINSI": "JAWA TIMUR",
        "ID_KABKOT": "35.78",
        "KABKOT": "KOTA SURABAYA",
        "ID_KEC": "35.78.18",
        "KECAMATAN": "LAKARSANTRI",
        "ID_DESA": "35.78.18.1005",
        "DESA": "LIDAH WETAN",
        "LONGITUDE": 112.6657726,
        "LATITUDE": -7.3068927,
        "STATUS": "BUKA",
        "TANGGAL PENGUMPULAN": "Q2 2024",
        "TANGGAL UPDATE": "27/07/2025"
      }
    },
    {
      "type": "Feature",
      "geometry": { "coordinates": [112.7274634, -7.2762618], "type": "Point" },
      "properties": {
        "fid": 2547,
        "NAMA": "HALTE CV. PRIMA JAYA TENDA",
        "TIPE_1": "TRANSPORTASI",
        "TIPE_2": "HALTE",
        "TIPE_3": "-",
        "TELEPON": "",
        "ALAMAT": "BANYU URIP, KEC. SAWAHAN, SURABAYA, JAWA TIMUR",
        "ID_PROV": "35",
        "PROVINSI": "JAWA TIMUR",
        "ID_KABKOT": "35.78",
        "KABKOT": "KOTA SURABAYA",
        "ID_KEC": "35.78.06",
        "KECAMATAN": "SAWAHAN",
        "ID_DESA": "35.78.06.1003",
        "DESA": "BANYU URIP",
        "LONGITUDE": 112.7274634,
        "LATITUDE": -7.2762618,
        "STATUS": "BUKA",
        "TANGGAL PENGUMPULAN": "Q2 2024",
        "TANGGAL UPDATE": "27/07/2025"
      }
    },
    {
      "type": "Feature",
      "geometry": { "coordinates": [112.7175339, -7.291419], "type": "Point" },
      "properties": {
        "fid": 2550,
        "NAMA": "HALTE DARMO PARK 1",
        "TIPE_1": "TRANSPORTASI",
        "TIPE_2": "HALTE",
        "TIPE_3": "-",
        "TELEPON": "",
        "ALAMAT": "PAKIS, KEC. SAWAHAN, SURABAYA, JAWA TIMUR 60256",
        "ID_PROV": "35",
        "PROVINSI": "JAWA TIMUR",
        "ID_KABKOT": "35.78",
        "KABKOT": "KOTA SURABAYA",
        "ID_KEC": "35.78.06",
        "KECAMATAN": "SAWAHAN",
        "ID_DESA": "35.78.06.1006",
        "DESA": "PAKIS",
        "LONGITUDE": 112.7175339,
        "LATITUDE": -7.291419,
        "STATUS": "BUKA",
        "TANGGAL PENGUMPULAN": "Q2 2024",
        "TANGGAL UPDATE": "27/07/2025"
      }
    },
    {
      "type": "Feature",
      "geometry": { "coordinates": [112.7174115, -7.2916828], "type": "Point" },
      "properties": {
        "fid": 2551,
        "NAMA": "HALTE DARMO PARK 2",
        "TIPE_1": "TRANSPORTASI",
        "TIPE_2": "HALTE",
        "TIPE_3": "-",
        "TELEPON": "",
        "ALAMAT": "DUKUH PAKIS, KEC. DUKUHPAKIS, SURABAYA, JAWA TIMUR",
        "ID_PROV": "35",
        "PROVINSI": "JAWA TIMUR",
        "ID_KABKOT": "35.78",
        "KABKOT": "KOTA SURABAYA",
        "ID_KEC": "35.78.21",
        "KECAMATAN": "DUKUH PAKIS",
        "ID_DESA": "35.78.21.1001",
        "DESA": "DUKUH PAKIS",
        "LONGITUDE": 112.7174115,
        "LATITUDE": -7.2916828,
        "STATUS": "BUKA",
        "TANGGAL PENGUMPULAN": "Q2 2024",
        "TANGGAL UPDATE": "27/07/2025"
      }
    },
    {
      "type": "Feature",
      "geometry": { "coordinates": [112.732509, -7.283119], "type": "Point" },
      "properties": {
        "fid": 2559,
        "NAMA": "HALTE DIPONEGORO",
        "TIPE_1": "TRANSPORTASI",
        "TIPE_2": "HALTE",
        "TIPE_3": "-",
        "TELEPON": "",
        "ALAMAT": "DARMO, KEC. WONOKROMO, SURABAYA, JAWA TIMUR 60241",
        "ID_PROV": "35",
        "PROVINSI": "JAWA TIMUR",
        "ID_KABKOT": "35.78",
        "KABKOT": "KOTA SURABAYA",
        "ID_KEC": "35.78.04",
        "KECAMATAN": "WONOKROMO",
        "ID_DESA": "35.78.04.1005",
        "DESA": "DARMO",
        "LONGITUDE": 112.732509,
        "LATITUDE": -7.283119,
        "STATUS": "BUKA",
        "TANGGAL PENGUMPULAN": "Q2 2024",
        "TANGGAL UPDATE": "27/07/2025"
      }
    },
    {
      "type": "Feature",
      "geometry": { "coordinates": [112.72892, -7.34135], "type": "Point" },
      "properties": {
        "fid": 2560,
        "NAMA": "HALTE DISPENDA JAWA TIMUR",
        "TIPE_1": "TRANSPORTASI",
        "TIPE_2": "HALTE",
        "TIPE_3": "-",
        "TELEPON": "",
        "ALAMAT": "MENANGGAL, KEC. GAYUNGAN, SURABAYA, JAWA TIMUR",
        "ID_PROV": "35",
        "PROVINSI": "JAWA TIMUR",
        "ID_KABKOT": "35.78",
        "KABKOT": "KOTA SURABAYA",
        "ID_KEC": "35.78.22",
        "KECAMATAN": "GAYUNGAN",
        "ID_DESA": "35.78.22.1002",
        "DESA": "MENANGGAL",
        "LONGITUDE": 112.72892,
        "LATITUDE": -7.34135,
        "STATUS": "BUKA",
        "TANGGAL PENGUMPULAN": "Q2 2024",
        "TANGGAL UPDATE": "27/07/2025"
      }
    },
    {
      "type": "Feature",
      "geometry": { "coordinates": [112.7289108, -7.34351], "type": "Point" },
      "properties": {
        "fid": 2564,
        "NAMA": "HALTE DUKUH MENANGGAL",
        "TIPE_1": "TRANSPORTASI",
        "TIPE_2": "HALTE",
        "TIPE_3": "-",
        "TELEPON": "",
        "ALAMAT": "MENANGGAL, KEC. GAYUNGAN, SURABAYA, JAWA TIMUR 60234",
        "ID_PROV": "35",
        "PROVINSI": "JAWA TIMUR",
        "ID_KABKOT": "35.78",
        "KABKOT": "KOTA SURABAYA",
        "ID_KEC": "35.78.22",
        "KECAMATAN": "GAYUNGAN",
        "ID_DESA": "35.78.22.1002",
        "DESA": "MENANGGAL",
        "LONGITUDE": 112.7289108,
        "LATITUDE": -7.34351,
        "STATUS": "BUKA",
        "TANGGAL PENGUMPULAN": "Q2 2024",
        "TANGGAL UPDATE": "27/07/2025"
      }
    },
    {
      "type": "Feature",
      "geometry": { "coordinates": [112.7341243, -7.2589845], "type": "Point" },
      "properties": {
        "fid": 2567,
        "NAMA": "HALTE EMBONG MALANG",
        "TIPE_1": "TRANSPORTASI",
        "TIPE_2": "HALTE",
        "TIPE_3": "-",
        "TELEPON": "",
        "ALAMAT": "JL. EMBONG MALANG NO.95, RT.003/RW.04, KEDUNGDORO, KEC. TEGALSARI, SURABAYA, JAWA TIMUR 60261",
        "ID_PROV": "35",
        "PROVINSI": "JAWA TIMUR",
        "ID_KABKOT": "35.78",
        "KABKOT": "KOTA SURABAYA",
        "ID_KEC": "35.78.05",
        "KECAMATAN": "TEGALSARI",
        "ID_DESA": "35.78.05.1003",
        "DESA": "KEDUNGDORO",
        "LONGITUDE": 112.7341243,
        "LATITUDE": -7.2589845,
        "STATUS": "BUKA",
        "TANGGAL PENGUMPULAN": "Q2 2024",
        "TANGGAL UPDATE": "27/07/2025"
      }
    },
    {
      "type": "Feature",
      "geometry": { "coordinates": [112.7368223, -7.2537774], "type": "Point" },
      "properties": {
        "fid": 2576,
        "NAMA": "HALTE GEMBLONGAN",
        "TIPE_1": "TRANSPORTASI",
        "TIPE_2": "HALTE",
        "TIPE_3": "-",
        "TELEPON": "",
        "ALAMAT": "ALUN-ALUN CONTONG, KEC. BUBUTAN, SURABAYA, JAWA TIMUR 60174",
        "ID_PROV": "35",
        "PROVINSI": "JAWA TIMUR",
        "ID_KABKOT": "35.78",
        "KABKOT": "KOTA SURABAYA",
        "ID_KEC": "35.78.13",
        "KECAMATAN": "BUBUTAN",
        "ID_DESA": "35.78.13.1001",
        "DESA": "ALUN-ALUN CONTONG",
        "LONGITUDE": 112.7368223,
        "LATITUDE": -7.2537774,
        "STATUS": "BUKA",
        "TANGGAL PENGUMPULAN": "Q2 2024",
        "TANGGAL UPDATE": "27/07/2025"
      }
    },
    {
      "type": "Feature",
      "geometry": { "coordinates": [112.7291049, -7.2781618], "type": "Point" },
      "properties": {
        "fid": 2578,
        "NAMA": "HALTE GIANT DIPONEGORO",
        "TIPE_1": "TRANSPORTASI",
        "TIPE_2": "HALTE",
        "TIPE_3": "-",
        "TELEPON": "",
        "ALAMAT": "DARMO, KEC. WONOKROMO, SURABAYA, JAWA TIMUR 60241",
        "ID_PROV": "35",
        "PROVINSI": "JAWA TIMUR",
        "ID_KABKOT": "35.78",
        "KABKOT": "KOTA SURABAYA",
        "ID_KEC": "35.78.04",
        "KECAMATAN": "WONOKROMO",
        "ID_DESA": "35.78.04.1005",
        "DESA": "DARMO",
        "LONGITUDE": 112.7291049,
        "LATITUDE": -7.2781618,
        "STATUS": "BUKA",
        "TANGGAL PENGUMPULAN": "Q2 2024",
        "TANGGAL UPDATE": "27/07/2025"
      }
    },
    {
      "type": "Feature",
      "geometry": { "coordinates": [112.7503681, -7.2628714], "type": "Point" },
      "properties": {
        "fid": 2589,
        "NAMA": "HALTE GRAND CITY",
        "TIPE_1": "TRANSPORTASI",
        "TIPE_2": "HALTE",
        "TIPE_3": "-",
        "TELEPON": "",
        "ALAMAT": "JL. GUBENG POJOK, KETABANG, KEC. GENTENG, SURABAYA, JAWA TIMUR 60272",
        "ID_PROV": "35",
        "PROVINSI": "JAWA TIMUR",
        "ID_KABKOT": "35.78",
        "KABKOT": "KOTA SURABAYA",
        "ID_KEC": "35.78.07",
        "KECAMATAN": "GENTENG",
        "ID_DESA": "35.78.07.1004",
        "DESA": "KETABANG",
        "LONGITUDE": 112.7503681,
        "LATITUDE": -7.2628714,
        "STATUS": "BUKA",
        "TANGGAL PENGUMPULAN": "Q2 2024",
        "TANGGAL UPDATE": "27/07/2025"
      }
    },
    {
      "type": "Feature",
      "geometry": { "coordinates": [112.75622, -7.2734838], "type": "Point" },
      "properties": {
        "fid": 2590,
        "NAMA": "HALTE GUBENG KERTAJAYA",
        "TIPE_1": "TRANSPORTASI",
        "TIPE_2": "HALTE",
        "TIPE_3": "-",
        "TELEPON": "",
        "ALAMAT": "JL. DHARMAWANGSA NO.86, AIRLANGGA, KEC. GUBENG, SURABAYA, JAWA TIMUR 60286",
        "ID_PROV": "35",
        "PROVINSI": "JAWA TIMUR",
        "ID_KABKOT": "35.78",
        "KABKOT": "KOTA SURABAYA",
        "ID_KEC": "35.78.08",
        "KECAMATAN": "GUBENG",
        "ID_DESA": "35.78.08.1003",
        "DESA": "AIRLANGGA",
        "LONGITUDE": 112.75622,
        "LATITUDE": -7.2734838,
        "STATUS": "BUKA",
        "TANGGAL PENGUMPULAN": "Q2 2024",
        "TANGGAL UPDATE": "27/07/2025"
      }
    },
    {
      "type": "Feature",
      "geometry": { "coordinates": [112.7346038, -7.2873138], "type": "Point" },
      "properties": {
        "fid": 2592,
        "NAMA": "HALTE HAPPY SUZY",
        "TIPE_1": "TRANSPORTASI",
        "TIPE_2": "HALTE",
        "TIPE_3": "-",
        "TELEPON": "",
        "ALAMAT": "JL. DIPONEGORO, DARMO, KEC. WONOKROMO, SURABAYA, JAWA TIMUR 60241",
        "ID_PROV": "35",
        "PROVINSI": "JAWA TIMUR",
        "ID_KABKOT": "35.78",
        "KABKOT": "KOTA SURABAYA",
        "ID_KEC": "35.78.04",
        "KECAMATAN": "WONOKROMO",
        "ID_DESA": "35.78.04.1005",
        "DESA": "DARMO",
        "LONGITUDE": 112.7346038,
        "LATITUDE": -7.2873138,
        "STATUS": "BUKA",
        "TANGGAL PENGUMPULAN": "Q2 2024",
        "TANGGAL UPDATE": "27/07/2025"
      }
    },
    {
      "type": "Feature",
      "geometry": { "coordinates": [112.7290734, -7.2924417], "type": "Point" },
      "properties": {
        "fid": 2596,
        "NAMA": "HALTE INDRAGIRI",
        "TIPE_1": "TRANSPORTASI",
        "TIPE_2": "HALTE",
        "TIPE_3": "-",
        "TELEPON": "",
        "ALAMAT": "DARMO, KEC. WONOKROMO, SURABAYA, JAWA TIMUR",
        "ID_PROV": "35",
        "PROVINSI": "JAWA TIMUR",
        "ID_KABKOT": "35.78",
        "KABKOT": "KOTA SURABAYA",
        "ID_KEC": "35.78.04",
        "KECAMATAN": "WONOKROMO",
        "ID_DESA": "35.78.04.1005",
        "DESA": "DARMO",
        "LONGITUDE": 112.7290734,
        "LATITUDE": -7.2924417,
        "STATUS": "BUKA",
        "TANGGAL PENGUMPULAN": "Q2 2024",
        "TANGGAL UPDATE": "27/07/2025"
      }
    },
    {
      "type": "Feature",
      "geometry": { "coordinates": [112.7900028, -7.2795197], "type": "Point" },
      "properties": {
        "fid": 2597,
        "NAMA": "HALTE ITS",
        "TIPE_1": "TRANSPORTASI",
        "TIPE_2": "HALTE",
        "TIPE_3": "-",
        "TELEPON": "",
        "ALAMAT": "JL. RAYA KERTAJAYA INDAH, GEBANG PUTIH, SUKOLILO, SURABAYA, EAST JAVA 60117",
        "ID_PROV": "35",
        "PROVINSI": "JAWA TIMUR",
        "ID_KABKOT": "35.78",
        "KABKOT": "KOTA SURABAYA",
        "ID_KEC": "35.78.09",
        "KECAMATAN": "SUKOLILO",
        "ID_DESA": "35.78.09.1002",
        "DESA": "GEBANG PUTIH",
        "LONGITUDE": 112.7900028,
        "LATITUDE": -7.2795197,
        "STATUS": "BUKA",
        "TANGGAL PENGUMPULAN": "Q2 2024",
        "TANGGAL UPDATE": "27/07/2025"
      }
    },
    {
      "type": "Feature",
      "geometry": { "coordinates": [112.7073233, -7.3317617], "type": "Point" },
      "properties": {
        "fid": 2599,
        "NAMA": "HALTE JALAN RAYA MASTRIP",
        "TIPE_1": "TRANSPORTASI",
        "TIPE_2": "HALTE",
        "TIPE_3": "-",
        "TELEPON": "",
        "ALAMAT": "JL. RAYA MASTRIP, KEBRAON, KEC. KARANGPILANG, SURABAYA, JAWA TIMUR 60223",
        "ID_PROV": "35",
        "PROVINSI": "JAWA TIMUR",
        "ID_KABKOT": "35.78",
        "KABKOT": "KOTA SURABAYA",
        "ID_KEC": "35.78.01",
        "KECAMATAN": "KARANG PILANG",
        "ID_DESA": "35.78.01.1002",
        "DESA": "KEBRAON",
        "LONGITUDE": 112.7073233,
        "LATITUDE": -7.3317617,
        "STATUS": "BUKA",
        "TANGGAL PENGUMPULAN": "Q2 2024",
        "TANGGAL UPDATE": "27/07/2025"
      }
    },
    {
      "type": "Feature",
      "geometry": { "coordinates": [112.6164045, -7.2264148], "type": "Point" },
      "properties": {
        "fid": 2601,
        "NAMA": "HALTE JAWAR A",
        "TIPE_1": "TRANSPORTASI",
        "TIPE_2": "HALTE",
        "TIPE_3": "-",
        "TELEPON": "",
        "ALAMAT": "JL. JAWAR SURABAYA NO.70, BENOWO, KEC. PAKAL, SURABAYA, JAWA TIMUR 60195",
        "ID_PROV": "35",
        "PROVINSI": "JAWA TIMUR",
        "ID_KABKOT": "35.78",
        "KABKOT": "KOTA SURABAYA",
        "ID_KEC": "35.78.30",
        "KECAMATAN": "PAKAL",
        "ID_DESA": "35.78.30.1004",
        "DESA": "SUMBER REJO",
        "LONGITUDE": 112.6164045,
        "LATITUDE": -7.2264148,
        "STATUS": "BUKA",
        "TANGGAL PENGUMPULAN": "Q2 2024",
        "TANGGAL UPDATE": "27/07/2025"
      }
    },
    {
      "type": "Feature",
      "geometry": { "coordinates": [112.7354949, -7.235682], "type": "Point" },
      "properties": {
        "fid": 2603,
        "NAMA": "HALTE JEMBATAN MERAH",
        "TIPE_1": "TRANSPORTASI",
        "TIPE_2": "HALTE",
        "TIPE_3": "-",
        "TELEPON": "",
        "ALAMAT": "JL. RAJAWALI NO.18, RW.15, SOUTH KREMBANGAN, KREMBANGAN, SURABAYA, EAST JAVA 60175",
        "ID_PROV": "35",
        "PROVINSI": "JAWA TIMUR",
        "ID_KABKOT": "35.78",
        "KABKOT": "KOTA SURABAYA",
        "ID_KEC": "35.78.15",
        "KECAMATAN": "KREMBANGAN",
        "ID_DESA": "35.78.15.1001",
        "DESA": "KREMBANGAN SELATAN",
        "LONGITUDE": 112.7354949,
        "LATITUDE": -7.235682,
        "STATUS": "BUKA",
        "TANGGAL PENGUMPULAN": "Q2 2024",
        "TANGGAL UPDATE": "27/07/2025"
      }
    },
    {
      "type": "Feature",
      "geometry": { "coordinates": [112.74388, -7.32913], "type": "Point" },
      "properties": {
        "fid": 2605,
        "NAMA": "HALTE JEMUR ANDAYANI POS",
        "TIPE_1": "TRANSPORTASI",
        "TIPE_2": "HALTE",
        "TIPE_3": "-",
        "TELEPON": "",
        "ALAMAT": "KENDANGSARI, KEC. TENGGILIS MEJOYO, SURABAYA, JAWA TIMUR",
        "ID_PROV": "35",
        "PROVINSI": "JAWA TIMUR",
        "ID_KABKOT": "35.78",
        "KABKOT": "KOTA SURABAYA",
        "ID_KEC": "35.78.24",
        "KECAMATAN": "TENGGILIS MEJOYO",
        "ID_DESA": "35.78.24.1002",
        "DESA": "KENDANGSARI",
        "LONGITUDE": 112.74388,
        "LATITUDE": -7.32913,
        "STATUS": "BUKA",
        "TANGGAL PENGUMPULAN": "Q2 2024",
        "TANGGAL UPDATE": "27/07/2025"
      }
    },
    {
      "type": "Feature",
      "geometry": { "coordinates": [112.7317053, -7.3287246], "type": "Point" },
      "properties": {
        "fid": 2606,
        "NAMA": "HALTE JEMUR NGAWINAN",
        "TIPE_1": "TRANSPORTASI",
        "TIPE_2": "HALTE",
        "TIPE_3": "-",
        "TELEPON": "",
        "ALAMAT": "JL. AHMAD YANI, JEMUR WONOSARI, KEC. WONOCOLO, SURABAYA, JAWA TIMUR 60235",
        "ID_PROV": "35",
        "PROVINSI": "JAWA TIMUR",
        "ID_KABKOT": "35.78",
        "KABKOT": "KOTA SURABAYA",
        "ID_KEC": "35.78.02",
        "KECAMATAN": "WONOCOLO",
        "ID_DESA": "35.78.02.1004",
        "DESA": "JEMUR WONOSARI",
        "LONGITUDE": 112.7317053,
        "LATITUDE": -7.3287246,
        "STATUS": "BUKA",
        "TANGGAL PENGUMPULAN": "Q2 2024",
        "TANGGAL UPDATE": "27/07/2025"
      }
    },
    {
      "type": "Feature",
      "geometry": { "coordinates": [112.761343, -7.2874964], "type": "Point" },
      "properties": {
        "fid": 2618,
        "NAMA": "HALTE KALIBOKOR SELATAN A",
        "TIPE_1": "TRANSPORTASI",
        "TIPE_2": "HALTE",
        "TIPE_3": "-",
        "TELEPON": "",
        "ALAMAT": "JL. KALIBOKOR SELATAN NO.176, BARATAJAYA, KEC. GUBENG, SURABAYA, JAWA TIMUR 60284",
        "ID_PROV": "35",
        "PROVINSI": "JAWA TIMUR",
        "ID_KABKOT": "35.78",
        "KABKOT": "KOTA SURABAYA",
        "ID_KEC": "35.78.08",
        "KECAMATAN": "GUBENG",
        "ID_DESA": "35.78.08.1005",
        "DESA": "BARATAJAYA",
        "LONGITUDE": 112.761343,
        "LATITUDE": -7.2874964,
        "STATUS": "BUKA",
        "TANGGAL PENGUMPULAN": "Q2 2024",
        "TANGGAL UPDATE": "27/07/2025"
      }
    },
    {
      "type": "Feature",
      "geometry": { "coordinates": [112.7613253, -7.2875869], "type": "Point" },
      "properties": {
        "fid": 2619,
        "NAMA": "HALTE KALIBOKOR SELATAN B",
        "TIPE_1": "TRANSPORTASI",
        "TIPE_2": "HALTE",
        "TIPE_3": "-",
        "TELEPON": "",
        "ALAMAT": "JL. KALIBOKOR SELATAN NO.178, BARATAJAYA, KEC. GUBENG, SURABAYA, JAWA TIMUR 60284",
        "ID_PROV": "35",
        "PROVINSI": "JAWA TIMUR",
        "ID_KABKOT": "35.78",
        "KABKOT": "KOTA SURABAYA",
        "ID_KEC": "35.78.08",
        "KECAMATAN": "GUBENG",
        "ID_DESA": "35.78.08.1005",
        "DESA": "BARATAJAYA",
        "LONGITUDE": 112.7613253,
        "LATITUDE": -7.2875869,
        "STATUS": "BUKA",
        "TANGGAL PENGUMPULAN": "Q2 2024",
        "TANGGAL UPDATE": "27/07/2025"
      }
    },
    {
      "type": "Feature",
      "geometry": { "coordinates": [112.6104118, -7.2310428], "type": "Point" },
      "properties": {
        "fid": 2626,
        "NAMA": "HALTE KAUMAN BARU B",
        "TIPE_1": "TRANSPORTASI",
        "TIPE_2": "HALTE",
        "TIPE_3": "-",
        "TELEPON": "",
        "ALAMAT": "JL. SUMBER REJO RAYA NO.36, BENOWO, KENDAL, SURABAYA, JAWA TIMUR 60195",
        "ID_PROV": "35",
        "PROVINSI": "JAWA TIMUR",
        "ID_KABKOT": "35.78",
        "KABKOT": "KOTA SURABAYA",
        "ID_KEC": "35.78.30",
        "KECAMATAN": "PAKAL",
        "ID_DESA": "35.78.30.1005",
        "DESA": "BENOWO",
        "LONGITUDE": 112.6104118,
        "LATITUDE": -7.2310428,
        "STATUS": "BUKA",
        "TANGGAL PENGUMPULAN": "Q2 2024",
        "TANGGAL UPDATE": "27/07/2025"
      }
    },
    {
      "type": "Feature",
      "geometry": { "coordinates": [112.737231, -7.243247], "type": "Point" },
      "properties": {
        "fid": 2628,
        "NAMA": "HALTE KEBONROJO",
        "TIPE_1": "TRANSPORTASI",
        "TIPE_2": "HALTE",
        "TIPE_3": "-",
        "TELEPON": "",
        "ALAMAT": "KREMBANGAN SEL., KEC. KREMBANGAN, SURABAYA, JAWA TIMUR 60175",
        "ID_PROV": "35",
        "PROVINSI": "JAWA TIMUR",
        "ID_KABKOT": "35.78",
        "KABKOT": "KOTA SURABAYA",
        "ID_KEC": "35.78.15",
        "KECAMATAN": "KREMBANGAN",
        "ID_DESA": "35.78.15.1001",
        "DESA": "KREMBANGAN SELATAN",
        "LONGITUDE": 112.737231,
        "LATITUDE": -7.243247,
        "STATUS": "BUKA",
        "TANGGAL PENGUMPULAN": "Q2 2024",
        "TANGGAL UPDATE": "27/07/2025"
      }
    },
    {
      "type": "Feature",
      "geometry": { "coordinates": [112.7385744, -7.2953888], "type": "Point" },
      "properties": {
        "fid": 2629,
        "NAMA": "HALTE KEBUN BINATANG SURABAYA",
        "TIPE_1": "TRANSPORTASI",
        "TIPE_2": "HALTE",
        "TIPE_3": "-",
        "TELEPON": "",
        "ALAMAT": "DARMO, KEC. WONOKROMO, SURABAYA, JAWA TIMUR",
        "ID_PROV": "35",
        "PROVINSI": "JAWA TIMUR",
        "ID_KABKOT": "35.78",
        "KABKOT": "KOTA SURABAYA",
        "ID_KEC": "35.78.04",
        "KECAMATAN": "WONOKROMO",
        "ID_DESA": "35.78.04.1005",
        "DESA": "DARMO",
        "LONGITUDE": 112.7385744,
        "LATITUDE": -7.2953888,
        "STATUS": "BUKA",
        "TANGGAL PENGUMPULAN": "Q2 2024",
        "TANGGAL UPDATE": "27/07/2025"
      }
    },
    {
      "type": "Feature",
      "geometry": { "coordinates": [112.7319786, -7.26096], "type": "Point" },
      "properties": {
        "fid": 2630,
        "NAMA": "HALTE KEDUNGDORO A",
        "TIPE_1": "TRANSPORTASI",
        "TIPE_2": "HALTE",
        "TIPE_3": "-",
        "TELEPON": "",
        "ALAMAT": "SAWAHAN, KEC. SAWAHAN, SURABAYA, JAWA TIMUR",
        "ID_PROV": "35",
        "PROVINSI": "JAWA TIMUR",
        "ID_KABKOT": "35.78",
        "KABKOT": "KOTA SURABAYA",
        "ID_KEC": "35.78.06",
        "KECAMATAN": "SAWAHAN",
        "ID_DESA": "35.78.06.1002",
        "DESA": "SAWAHAN",
        "LONGITUDE": 112.7319786,
        "LATITUDE": -7.26096,
        "STATUS": "BUKA",
        "TANGGAL PENGUMPULAN": "Q2 2024",
        "TANGGAL UPDATE": "27/07/2025"
      }
    },
    {
      "type": "Feature",
      "geometry": { "coordinates": [112.80218, -7.276451], "type": "Point" },
      "properties": {
        "fid": 2631,
        "NAMA": "HALTE KEJAWAN PUTIH TAMBAK",
        "TIPE_1": "TRANSPORTASI",
        "TIPE_2": "HALTE",
        "TIPE_3": "-",
        "TELEPON": "",
        "ALAMAT": "DPN MAKAM JL. KEJAWAN PUTIH TAMBAK, KEJAWAAN PUTIH TAMBA, KEC. MULYOREJO, SURABAYA, JAWA TIMUR 60112",
        "ID_PROV": "35",
        "PROVINSI": "JAWA TIMUR",
        "ID_KABKOT": "35.78",
        "KABKOT": "KOTA SURABAYA",
        "ID_KEC": "35.78.26",
        "KECAMATAN": "MULYOREJO",
        "ID_DESA": "35.78.26.1003",
        "DESA": "KEJAWAN PUTIH TAMBAK",
        "LONGITUDE": 112.80218,
        "LATITUDE": -7.276451,
        "STATUS": "BUKA",
        "TANGGAL PENGUMPULAN": "Q2 2024",
        "TANGGAL UPDATE": "27/07/2025"
      }
    },
    {
      "type": "Feature",
      "geometry": { "coordinates": [112.73245, -7.319051], "type": "Point" },
      "properties": {
        "fid": 2634,
        "NAMA": "HALTE KETINTANG BARU",
        "TIPE_1": "TRANSPORTASI",
        "TIPE_2": "HALTE",
        "TIPE_3": "-",
        "TELEPON": "",
        "ALAMAT": "JL. AHMAD YANI NO.74, KETINTANG, KEC. GAYUNGAN, SURABAYA, JAWA TIMUR 60231",
        "ID_PROV": "35",
        "PROVINSI": "JAWA TIMUR",
        "ID_KABKOT": "35.78",
        "KABKOT": "KOTA SURABAYA",
        "ID_KEC": "35.78.22",
        "KECAMATAN": "GAYUNGAN",
        "ID_DESA": "35.78.22.1004",
        "DESA": "KETINTANG",
        "LONGITUDE": 112.73245,
        "LATITUDE": -7.319051,
        "STATUS": "BUKA",
        "TANGGAL PENGUMPULAN": "Q2 2024",
        "TANGGAL UPDATE": "27/07/2025"
      }
    },
    {
      "type": "Feature",
      "geometry": { "coordinates": [112.7410706, -7.2778725], "type": "Point" },
      "properties": {
        "fid": 2636,
        "NAMA": "HALTE KIMIA FARMA",
        "TIPE_1": "TRANSPORTASI",
        "TIPE_2": "HALTE",
        "TIPE_3": "-",
        "TELEPON": "",
        "ALAMAT": "HALTE PANDEGLING, DR. SOETOMO, KEC. TEGALSARI, SURABAYA, JAWA TIMUR 60264",
        "ID_PROV": "35",
        "PROVINSI": "JAWA TIMUR",
        "ID_KABKOT": "35.78",
        "KABKOT": "KOTA SURABAYA",
        "ID_KEC": "35.78.05",
        "KECAMATAN": "TEGALSARI",
        "ID_DESA": "35.78.05.1002",
        "DESA": "DR. SOETOMO",
        "LONGITUDE": 112.7410706,
        "LATITUDE": -7.2778725,
        "STATUS": "BUKA",
        "TANGGAL PENGUMPULAN": "Q2 2024",
        "TANGGAL UPDATE": "27/07/2025"
      }
    },
    {
      "type": "Feature",
      "geometry": { "coordinates": [112.7757827, -7.2806761], "type": "Point" },
      "properties": {
        "fid": 2637,
        "NAMA": "HALTE KLAMPIS",
        "TIPE_1": "TRANSPORTASI",
        "TIPE_2": "HALTE",
        "TIPE_3": "-",
        "TELEPON": "",
        "ALAMAT": "JL. RAYA KERTAJAYA INDAH NO.58 BLOK H-105, RT.000/RW.00, MANYAR SABRANGAN, KEC. MULYOREJO, SURABAYA, JAWA TIMUR 60116",
        "ID_PROV": "35",
        "PROVINSI": "JAWA TIMUR",
        "ID_KABKOT": "35.78",
        "KABKOT": "KOTA SURABAYA",
        "ID_KEC": "35.78.26",
        "KECAMATAN": "MULYOREJO",
        "ID_DESA": "35.78.26.1002",
        "DESA": "MANYAR SABRANGAN",
        "LONGITUDE": 112.7757827,
        "LATITUDE": -7.2806761,
        "STATUS": "BUKA",
        "TANGGAL PENGUMPULAN": "Q2 2024",
        "TANGGAL UPDATE": "27/07/2025"
      }
    },
    {
      "type": "Feature",
      "geometry": { "coordinates": [112.7310431, -7.3308239], "type": "Point" },
      "properties": {
        "fid": 2641,
        "NAMA": "HALTE KOMUTER JEMURSARI",
        "TIPE_1": "TRANSPORTASI",
        "TIPE_2": "HALTE",
        "TIPE_3": "-",
        "TELEPON": "",
        "ALAMAT": "JL. AHMAD YANI, JEMUR WONOSARI, KEC. GAYUNGAN, SURABAYA, JAWA TIMUR 60235",
        "ID_PROV": "35",
        "PROVINSI": "JAWA TIMUR",
        "ID_KABKOT": "35.78",
        "KABKOT": "KOTA SURABAYA",
        "ID_KEC": "35.78.02",
        "KECAMATAN": "WONOCOLO",
        "ID_DESA": "35.78.02.1004",
        "DESA": "JEMUR WONOSARI",
        "LONGITUDE": 112.7310431,
        "LATITUDE": -7.3308239,
        "STATUS": "BUKA",
        "TANGGAL PENGUMPULAN": "Q2 2024",
        "TANGGAL UPDATE": "27/07/2025"
      }
    },
    {
      "type": "Feature",
      "geometry": { "coordinates": [112.7286782, -7.292617], "type": "Point" },
      "properties": {
        "fid": 2645,
        "NAMA": "HALTE KPU",
        "TIPE_1": "TRANSPORTASI",
        "TIPE_2": "HALTE",
        "TIPE_3": "-",
        "TELEPON": "",
        "ALAMAT": "SAWUNGGALING, KEC. WONOKROMO, SURABAYA, JAWA TIMUR 60242",
        "ID_PROV": "35",
        "PROVINSI": "JAWA TIMUR",
        "ID_KABKOT": "35.78",
        "KABKOT": "KOTA SURABAYA",
        "ID_KEC": "35.78.04",
        "KECAMATAN": "WONOKROMO",
        "ID_DESA": "35.78.04.1006",
        "DESA": "SAWUNGGALING",
        "LONGITUDE": 112.7286782,
        "LATITUDE": -7.292617,
        "STATUS": "BUKA",
        "TANGGAL PENGUMPULAN": "Q2 2024",
        "TANGGAL UPDATE": "27/07/2025"
      }
    },
    {
      "type": "Feature",
      "geometry": { "coordinates": [112.7499051, -7.2506788], "type": "Point" },
      "properties": {
        "fid": 2647,
        "NAMA": "HALTE KUSUMA BANGSA",
        "TIPE_1": "TRANSPORTASI",
        "TIPE_2": "HALTE",
        "TIPE_3": "-",
        "TELEPON": "",
        "ALAMAT": "JL. KUSUMA BANGSA, KAPASARI, KEC. GENTENG, SURABAYA, JAWA TIMUR 60273",
        "ID_PROV": "35",
        "PROVINSI": "JAWA TIMUR",
        "ID_KABKOT": "35.78",
        "KABKOT": "KOTA SURABAYA",
        "ID_KEC": "35.78.07",
        "KECAMATAN": "GENTENG",
        "ID_DESA": "35.78.07.1003",
        "DESA": "KAPASARI",
        "LONGITUDE": 112.7499051,
        "LATITUDE": -7.2506788,
        "STATUS": "BUKA",
        "TANGGAL PENGUMPULAN": "Q2 2024",
        "TANGGAL UPDATE": "27/07/2025"
      }
    },
    {
      "type": "Feature",
      "geometry": { "coordinates": [112.7344921, -7.2911849], "type": "Point" },
      "properties": {
        "fid": 2648,
        "NAMA": "HALTE KUTAI 2",
        "TIPE_1": "TRANSPORTASI",
        "TIPE_2": "HALTE",
        "TIPE_3": "-",
        "TELEPON": "",
        "ALAMAT": "DARMO, KEC. WONOKROMO, SURABAYA, JAWA TIMUR",
        "ID_PROV": "35",
        "PROVINSI": "JAWA TIMUR",
        "ID_KABKOT": "35.78",
        "KABKOT": "KOTA SURABAYA",
        "ID_KEC": "35.78.04",
        "KECAMATAN": "WONOKROMO",
        "ID_DESA": "35.78.04.1005",
        "DESA": "DARMO",
        "LONGITUDE": 112.7344921,
        "LATITUDE": -7.2911849,
        "STATUS": "BUKA",
        "TANGGAL PENGUMPULAN": "Q2 2024",
        "TANGGAL UPDATE": "27/07/2025"
      }
    },
    {
      "type": "Feature",
      "geometry": { "coordinates": [112.7620682, -7.283011], "type": "Point" },
      "properties": {
        "fid": 2655,
        "NAMA": "HALTE MANYAR DUKUH A",
        "TIPE_1": "TRANSPORTASI",
        "TIPE_2": "HALTE",
        "TIPE_3": "-",
        "TELEPON": "",
        "ALAMAT": "JL. RAYA MENUR NO.116B, KERTAJAYA, KEC. GUBENG, SURABAYA, JAWA TIMUR 60285",
        "ID_PROV": "35",
        "PROVINSI": "JAWA TIMUR",
        "ID_KABKOT": "35.78",
        "KABKOT": "KOTA SURABAYA",
        "ID_KEC": "35.78.08",
        "KECAMATAN": "GUBENG",
        "ID_DESA": "35.78.08.1004",
        "DESA": "KERTAJAYA",
        "LONGITUDE": 112.7620682,
        "LATITUDE": -7.283011,
        "STATUS": "BUKA",
        "TANGGAL PENGUMPULAN": "Q2 2024",
        "TANGGAL UPDATE": "27/07/2025"
      }
    },
    {
      "type": "Feature",
      "geometry": { "coordinates": [112.7621967, -7.2830945], "type": "Point" },
      "properties": {
        "fid": 2656,
        "NAMA": "HALTE MANYAR DUKUH B",
        "TIPE_1": "TRANSPORTASI",
        "TIPE_2": "HALTE",
        "TIPE_3": "-",
        "TELEPON": "",
        "ALAMAT": "JL. RAYA MENUR NO.103A, MANYAR SABRANGAN, KEC. MULYOREJO, SURABAYA, JAWA TIMUR 60282",
        "ID_PROV": "35",
        "PROVINSI": "JAWA TIMUR",
        "ID_KABKOT": "35.78",
        "KABKOT": "KOTA SURABAYA",
        "ID_KEC": "35.78.26",
        "KECAMATAN": "MULYOREJO",
        "ID_DESA": "35.78.26.1002",
        "DESA": "MANYAR SABRANGAN",
        "LONGITUDE": 112.7621967,
        "LATITUDE": -7.2830945,
        "STATUS": "BUKA",
        "TANGGAL PENGUMPULAN": "Q2 2024",
        "TANGGAL UPDATE": "27/07/2025"
      }
    },
    {
      "type": "Feature",
      "geometry": { "coordinates": [112.7621232, -7.2806285], "type": "Point" },
      "properties": {
        "fid": 2657,
        "NAMA": "HALTE MANYAR SABRANGAN",
        "TIPE_1": "TRANSPORTASI",
        "TIPE_2": "HALTE",
        "TIPE_3": "-",
        "TELEPON": "",
        "ALAMAT": "JL. RAYA MENUR NO.78 K, RT.008/RW.10, KERTAJAYA, KEC. GUBENG, SURABAYA, JAWA TIMUR 60282",
        "ID_PROV": "35",
        "PROVINSI": "JAWA TIMUR",
        "ID_KABKOT": "35.78",
        "KABKOT": "KOTA SURABAYA",
        "ID_KEC": "35.78.08",
        "KECAMATAN": "GUBENG",
        "ID_DESA": "35.78.08.1004",
        "DESA": "KERTAJAYA",
        "LONGITUDE": 112.7621232,
        "LATITUDE": -7.2806285,
        "STATUS": "BUKA",
        "TANGGAL PENGUMPULAN": "Q2 2024",
        "TANGGAL UPDATE": "27/07/2025"
      }
    },
    {
      "type": "Feature",
      "geometry": { "coordinates": [112.6828371, -7.2371142], "type": "Point" },
      "properties": {
        "fid": 2658,
        "NAMA": "HALTE MARGOMULYO",
        "TIPE_1": "TRANSPORTASI",
        "TIPE_2": "HALTE",
        "TIPE_3": "-",
        "TELEPON": "",
        "ALAMAT": "MARGOMULYO 44, BLK. HH NO.20, GREGES, ASEM ROWO, SURABAYA, EAST JAVA 60183",
        "ID_PROV": "35",
        "PROVINSI": "JAWA TIMUR",
        "ID_KABKOT": "35.78",
        "KABKOT": "KOTA SURABAYA",
        "ID_KEC": "35.78.28",
        "KECAMATAN": "ASEM ROWO",
        "ID_DESA": "35.78.28.1005",
        "DESA": "TAMBAK SARIOSO",
        "LONGITUDE": 112.6828371,
        "LATITUDE": -7.2371142,
        "STATUS": "BUKA",
        "TANGGAL PENGUMPULAN": "Q2 2024",
        "TANGGAL UPDATE": "27/07/2025"
      }
    },
    {
      "type": "Feature",
      "geometry": { "coordinates": [112.7352257, -7.3163632], "type": "Point" },
      "properties": {
        "fid": 2659,
        "NAMA": "HALTE MARGOREJO",
        "TIPE_1": "TRANSPORTASI",
        "TIPE_2": "HALTE",
        "TIPE_3": "-",
        "TELEPON": "",
        "ALAMAT": "JL. MARGOREJO INDAH, MARGOREJO, KEC. WONOCOLO, SURABAYA, JAWA TIMUR 60237",
        "ID_PROV": "35",
        "PROVINSI": "JAWA TIMUR",
        "ID_KABKOT": "35.78",
        "KABKOT": "KOTA SURABAYA",
        "ID_KEC": "35.78.02",
        "KECAMATAN": "WONOCOLO",
        "ID_DESA": "35.78.02.1003",
        "DESA": "MARGOREJO",
        "LONGITUDE": 112.7352257,
        "LATITUDE": -7.3163632,
        "STATUS": "BUKA",
        "TANGGAL PENGUMPULAN": "Q2 2024",
        "TANGGAL UPDATE": "27/07/2025"
      }
    },
    {
      "type": "Feature",
      "geometry": { "coordinates": [112.7394847, -7.2961424], "type": "Point" },
      "properties": {
        "fid": 2660,
        "NAMA": "HALTE MARMOYO",
        "TIPE_1": "TRANSPORTASI",
        "TIPE_2": "HALTE",
        "TIPE_3": "-",
        "TELEPON": "",
        "ALAMAT": "DARMO, KEC. WONOKROMO, SURABAYA, JAWA TIMUR",
        "ID_PROV": "35",
        "PROVINSI": "JAWA TIMUR",
        "ID_KABKOT": "35.78",
        "KABKOT": "KOTA SURABAYA",
        "ID_KEC": "35.78.04",
        "KECAMATAN": "WONOKROMO",
        "ID_DESA": "35.78.04.1005",
        "DESA": "DARMO",
        "LONGITUDE": 112.7394847,
        "LATITUDE": -7.2961424,
        "STATUS": "BUKA",
        "TANGGAL PENGUMPULAN": "Q2 2024",
        "TANGGAL UPDATE": "27/07/2025"
      }
    },
    {
      "type": "Feature",
      "geometry": { "coordinates": [112.7598993, -7.2948215], "type": "Point" },
      "properties": {
        "fid": 2663,
        "NAMA": "HALTE MAYBANK BRATANG BINANGUN",
        "TIPE_1": "TRANSPORTASI",
        "TIPE_2": "HALTE",
        "TIPE_3": "-",
        "TELEPON": "",
        "ALAMAT": "BARATAJAYA, KEC. GUBENG, SURABAYA, JAWA TIMUR",
        "ID_PROV": "35",
        "PROVINSI": "JAWA TIMUR",
        "ID_KABKOT": "35.78",
        "KABKOT": "KOTA SURABAYA",
        "ID_KEC": "35.78.08",
        "KECAMATAN": "GUBENG",
        "ID_DESA": "35.78.08.1005",
        "DESA": "BARATAJAYA",
        "LONGITUDE": 112.7598993,
        "LATITUDE": -7.2948215,
        "STATUS": "BUKA",
        "TANGGAL PENGUMPULAN": "Q2 2024",
        "TANGGAL UPDATE": "27/07/2025"
      }
    },
    {
      "type": "Feature",
      "geometry": { "coordinates": [112.7631602, -7.2868602], "type": "Point" },
      "properties": {
        "fid": 2669,
        "NAMA": "HALTE MENUR A",
        "TIPE_1": "TRANSPORTASI",
        "TIPE_2": "HALTE",
        "TIPE_3": "-",
        "TELEPON": "",
        "ALAMAT": "JL. RAYA MENUR, MANYAR SABRANGAN, KEC. MULYOREJO, SURABAYA, JAWA TIMUR 60282",
        "ID_PROV": "35",
        "PROVINSI": "JAWA TIMUR",
        "ID_KABKOT": "35.78",
        "KABKOT": "KOTA SURABAYA",
        "ID_KEC": "35.78.26",
        "KECAMATAN": "MULYOREJO",
        "ID_DESA": "35.78.26.1002",
        "DESA": "MANYAR SABRANGAN",
        "LONGITUDE": 112.7631602,
        "LATITUDE": -7.2868602,
        "STATUS": "BUKA",
        "TANGGAL PENGUMPULAN": "Q2 2024",
        "TANGGAL UPDATE": "27/07/2025"
      }
    },
    {
      "type": "Feature",
      "geometry": { "coordinates": [112.7832054, -7.2640321], "type": "Point" },
      "properties": {
        "fid": 2677,
        "NAMA": "HALTE MULYOREJO",
        "TIPE_1": "TRANSPORTASI",
        "TIPE_2": "HALTE",
        "TIPE_3": "-",
        "TELEPON": "",
        "ALAMAT": "JL. DHARMAHUSADA INDAH TIMUR NO.151, MULYOREJO, SURABAYA, EAST JAVA 60115",
        "ID_PROV": "35",
        "PROVINSI": "JAWA TIMUR",
        "ID_KABKOT": "35.78",
        "KABKOT": "KOTA SURABAYA",
        "ID_KEC": "35.78.26",
        "KECAMATAN": "MULYOREJO",
        "ID_DESA": "35.78.26.1001",
        "DESA": "MULYOREJO",
        "LONGITUDE": 112.7832054,
        "LATITUDE": -7.2640321,
        "STATUS": "BUKA",
        "TANGGAL PENGUMPULAN": "Q2 2024",
        "TANGGAL UPDATE": "27/07/2025"
      }
    },
    {
      "type": "Feature",
      "geometry": { "coordinates": [112.7598936, -7.2898952], "type": "Point" },
      "properties": {
        "fid": 2679,
        "NAMA": "HALTE NGAGEL JAYA UTARA A",
        "TIPE_1": "TRANSPORTASI",
        "TIPE_2": "HALTE",
        "TIPE_3": "-",
        "TELEPON": "",
        "ALAMAT": "JL. NGAGEL MADYA NO.60, BARATAJAYA, KEC. GUBENG, SURABAYA, JAWA TIMUR 60284",
        "ID_PROV": "35",
        "PROVINSI": "JAWA TIMUR",
        "ID_KABKOT": "35.78",
        "KABKOT": "KOTA SURABAYA",
        "ID_KEC": "35.78.08",
        "KECAMATAN": "GUBENG",
        "ID_DESA": "35.78.08.1005",
        "DESA": "BARATAJAYA",
        "LONGITUDE": 112.7598936,
        "LATITUDE": -7.2898952,
        "STATUS": "BUKA",
        "TANGGAL PENGUMPULAN": "Q2 2024",
        "TANGGAL UPDATE": "27/07/2025"
      }
    },
    {
      "type": "Feature",
      "geometry": { "coordinates": [112.7600278, -7.2898829], "type": "Point" },
      "properties": {
        "fid": 2680,
        "NAMA": "HALTE NGAGEL JAYA UTARA B",
        "TIPE_1": "TRANSPORTASI",
        "TIPE_2": "HALTE",
        "TIPE_3": "-",
        "TELEPON": "",
        "ALAMAT": "JL. NGAGEL MADYA NO.5, BARATAJAYA, KEC. GUBENG, SURABAYA, JAWA TIMUR 60284",
        "ID_PROV": "35",
        "PROVINSI": "JAWA TIMUR",
        "ID_KABKOT": "35.78",
        "KABKOT": "KOTA SURABAYA",
        "ID_KEC": "35.78.08",
        "KECAMATAN": "GUBENG",
        "ID_DESA": "35.78.08.1005",
        "DESA": "BARATAJAYA",
        "LONGITUDE": 112.7600278,
        "LATITUDE": -7.2898829,
        "STATUS": "BUKA",
        "TANGGAL PENGUMPULAN": "Q2 2024",
        "TANGGAL UPDATE": "27/07/2025"
      }
    },
    {
      "type": "Feature",
      "geometry": { "coordinates": [112.7686574, -7.3067679], "type": "Point" },
      "properties": {
        "fid": 2683,
        "NAMA": "HALTE NGINDEN INTAN RAYA",
        "TIPE_1": "TRANSPORTASI",
        "TIPE_2": "HALTE",
        "TIPE_3": "-",
        "TELEPON": "",
        "ALAMAT": "JL. NGINDEN INTAN RAYA, NGINDEN JANGKUNGAN, KEC. SUKOLILO, SURABAYA, JAWA TIMUR 60118",
        "ID_PROV": "35",
        "PROVINSI": "JAWA TIMUR",
        "ID_KABKOT": "35.78",
        "KABKOT": "KOTA SURABAYA",
        "ID_KEC": "35.78.09",
        "KECAMATAN": "SUKOLILO",
        "ID_DESA": "35.78.09.1005",
        "DESA": "NGINDEN JANGKUNGAN",
        "LONGITUDE": 112.7686574,
        "LATITUDE": -7.3067679,
        "STATUS": "BUKA",
        "TANGGAL PENGUMPULAN": "Q2 2024",
        "TANGGAL UPDATE": "27/07/2025"
      }
    },
    {
      "type": "Feature",
      "geometry": { "coordinates": [112.615169, -7.2307245], "type": "Point" },
      "properties": {
        "fid": 2690,
        "NAMA": "HALTE NU JAWAR A",
        "TIPE_1": "TRANSPORTASI",
        "TIPE_2": "HALTE",
        "TIPE_3": "-",
        "TELEPON": "",
        "ALAMAT": "JL. JAWAR SURABAYA, BENOWO, KEC. PAKAL, SURABAYA, JAWA TIMUR 60195",
        "ID_PROV": "35",
        "PROVINSI": "JAWA TIMUR",
        "ID_KABKOT": "35.78",
        "KABKOT": "KOTA SURABAYA",
        "ID_KEC": "35.78.30",
        "KECAMATAN": "PAKAL",
        "ID_DESA": "35.78.30.1005",
        "DESA": "BENOWO",
        "LONGITUDE": 112.615169,
        "LATITUDE": -7.2307245,
        "STATUS": "BUKA",
        "TANGGAL PENGUMPULAN": "Q2 2024",
        "TANGGAL UPDATE": "27/07/2025"
      }
    },
    {
      "type": "Feature",
      "geometry": { "coordinates": [112.7289423, -7.2694908], "type": "Point" },
      "properties": {
        "fid": 2702,
        "NAMA": "HALTE PASAR KEMBANG",
        "TIPE_1": "TRANSPORTASI",
        "TIPE_2": "HALTE",
        "TIPE_3": "-",
        "TELEPON": "",
        "ALAMAT": "WONOREJO, KEC. TEGALSARI, SURABAYA, JAWA TIMUR",
        "ID_PROV": "35",
        "PROVINSI": "JAWA TIMUR",
        "ID_KABKOT": "35.78",
        "KABKOT": "KOTA SURABAYA",
        "ID_KEC": "35.78.06",
        "KECAMATAN": "SAWAHAN",
        "ID_DESA": "35.78.06.1005",
        "DESA": "KUPANG KRAJAN",
        "LONGITUDE": 112.7289423,
        "LATITUDE": -7.2694908,
        "STATUS": "BUKA",
        "TANGGAL PENGUMPULAN": "Q2 2024",
        "TANGGAL UPDATE": "27/07/2025"
      }
    },
    {
      "type": "Feature",
      "geometry": { "coordinates": [112.7274936, -7.2724974], "type": "Point" },
      "properties": {
        "fid": 2703,
        "NAMA": "HALTE PASAR KEMBANG A",
        "TIPE_1": "TRANSPORTASI",
        "TIPE_2": "HALTE",
        "TIPE_3": "-",
        "TELEPON": "",
        "ALAMAT": "KUPANG KRAJAN, KEC. SAWAHAN, SURABAYA, JAWA TIMUR",
        "ID_PROV": "35",
        "PROVINSI": "JAWA TIMUR",
        "ID_KABKOT": "35.78",
        "KABKOT": "KOTA SURABAYA",
        "ID_KEC": "35.78.06",
        "KECAMATAN": "SAWAHAN",
        "ID_DESA": "35.78.06.1005",
        "DESA": "KUPANG KRAJAN",
        "LONGITUDE": 112.7274936,
        "LATITUDE": -7.2724974,
        "STATUS": "BUKA",
        "TANGGAL PENGUMPULAN": "Q2 2024",
        "TANGGAL UPDATE": "27/07/2025"
      }
    },
    {
      "type": "Feature",
      "geometry": { "coordinates": [112.7276615, -7.2728615], "type": "Point" },
      "properties": {
        "fid": 2704,
        "NAMA": "HALTE PASAR KEMBANG B",
        "TIPE_1": "TRANSPORTASI",
        "TIPE_2": "HALTE",
        "TIPE_3": "-",
        "TELEPON": "",
        "ALAMAT": "WONOREJO, KEC. TEGALSARI, SURABAYA, JAWA TIMUR",
        "ID_PROV": "35",
        "PROVINSI": "JAWA TIMUR",
        "ID_KABKOT": "35.78",
        "KABKOT": "KOTA SURABAYA",
        "ID_KEC": "35.78.05",
        "KECAMATAN": "TEGALSARI",
        "ID_DESA": "35.78.05.1005",
        "DESA": "WONOREJO",
        "LONGITUDE": 112.7276615,
        "LATITUDE": -7.2728615,
        "STATUS": "BUKA",
        "TANGGAL PENGUMPULAN": "Q2 2024",
        "TANGGAL UPDATE": "27/07/2025"
      }
    },
    {
      "type": "Feature",
      "geometry": { "coordinates": [112.7622486, -7.2808184], "type": "Point" },
      "properties": {
        "fid": 2705,
        "NAMA": "HALTE PASAR MANYAR",
        "TIPE_1": "TRANSPORTASI",
        "TIPE_2": "HALTE",
        "TIPE_3": "-",
        "TELEPON": "",
        "ALAMAT": "JL. RAYA MENUR NO.17, MANYAR SABRANGAN, KEC. MULYOREJO, SURABAYA, JAWA TIMUR 60282",
        "ID_PROV": "35",
        "PROVINSI": "JAWA TIMUR",
        "ID_KABKOT": "35.78",
        "KABKOT": "KOTA SURABAYA",
        "ID_KEC": "35.78.26",
        "KECAMATAN": "MULYOREJO",
        "ID_DESA": "35.78.26.1002",
        "DESA": "MANYAR SABRANGAN",
        "LONGITUDE": 112.7622486,
        "LATITUDE": -7.2808184,
        "STATUS": "BUKA",
        "TANGGAL PENGUMPULAN": "Q2 2024",
        "TANGGAL UPDATE": "27/07/2025"
      }
    },
    {
      "type": "Feature",
      "geometry": { "coordinates": [112.73698, -7.24614], "type": "Point" },
      "properties": {
        "fid": 2708,
        "NAMA": "HALTE PASAR TURI",
        "TIPE_1": "TRANSPORTASI",
        "TIPE_2": "HALTE",
        "TIPE_3": "-",
        "TELEPON": "",
        "ALAMAT": "BUBUTAN, KEC. BUBUTAN, SURABAYA, JAWA TIMUR",
        "ID_PROV": "35",
        "PROVINSI": "JAWA TIMUR",
        "ID_KABKOT": "35.78",
        "KABKOT": "KOTA SURABAYA",
        "ID_KEC": "35.78.13",
        "KECAMATAN": "BUBUTAN",
        "ID_DESA": "35.78.13.1002",
        "DESA": "BUBUTAN",
        "LONGITUDE": 112.73698,
        "LATITUDE": -7.24614,
        "STATUS": "BUKA",
        "TANGGAL PENGUMPULAN": "Q2 2024",
        "TANGGAL UPDATE": "27/07/2025"
      }
    },
    {
      "type": "Feature",
      "geometry": { "coordinates": [112.7390083, -7.2944264], "type": "Point" },
      "properties": {
        "fid": 2712,
        "NAMA": "HALTE PENDIDIKAN BANK INDONESIA DARMO",
        "TIPE_1": "TRANSPORTASI",
        "TIPE_2": "HALTE",
        "TIPE_3": "-",
        "TELEPON": "",
        "ALAMAT": "JL. RAYA SURABAYA - MALANG NO.136-134, DARMO, KEC. WONOKROMO, SURABAYA, JAWA TIMUR 60241",
        "ID_PROV": "35",
        "PROVINSI": "JAWA TIMUR",
        "ID_KABKOT": "35.78",
        "KABKOT": "KOTA SURABAYA",
        "ID_KEC": "35.78.04",
        "KECAMATAN": "WONOKROMO",
        "ID_DESA": "35.78.04.1005",
        "DESA": "DARMO",
        "LONGITUDE": 112.7390083,
        "LATITUDE": -7.2944264,
        "STATUS": "BUKA",
        "TANGGAL PENGUMPULAN": "Q2 2024",
        "TANGGAL UPDATE": "27/07/2025"
      }
    },
    {
      "type": "Feature",
      "geometry": { "coordinates": [112.793292, -7.2755821], "type": "Point" },
      "properties": {
        "fid": 2713,
        "NAMA": "HALTE PENS TRANS SEMANGGI SUROBOYO",
        "TIPE_1": "TRANSPORTASI",
        "TIPE_2": "HALTE",
        "TIPE_3": "-",
        "TELEPON": "",
        "ALAMAT": "JL. RAYA ITS, KEPUTIH, SUKOLILO, SURABAYA, EAST JAVA",
        "ID_PROV": "35",
        "PROVINSI": "JAWA TIMUR",
        "ID_KABKOT": "35.78",
        "KABKOT": "KOTA SURABAYA",
        "ID_KEC": "35.78.09",
        "KECAMATAN": "SUKOLILO",
        "ID_DESA": "35.78.09.1001",
        "DESA": "KEPUTIH",
        "LONGITUDE": 112.793292,
        "LATITUDE": -7.2755821,
        "STATUS": "BUKA",
        "TANGGAL PENGUMPULAN": "Q2 2024",
        "TANGGAL UPDATE": "27/07/2025"
      }
    },
    {
      "type": "Feature",
      "geometry": { "coordinates": [112.7326799, -7.2209585], "type": "Point" },
      "properties": {
        "fid": 2714,
        "NAMA": "HALTE PERAK TIMUR",
        "TIPE_1": "TRANSPORTASI",
        "TIPE_2": "HALTE",
        "TIPE_3": "-",
        "TELEPON": "",
        "ALAMAT": "JL. PERAK TIMUR, PERAK UTARA, KEC. PABEAN CANTIKAN, SURABAYA, JAWA TIMUR 60165",
        "ID_PROV": "35",
        "PROVINSI": "JAWA TIMUR",
        "ID_KABKOT": "35.78",
        "KABKOT": "KOTA SURABAYA",
        "ID_KEC": "35.78.12",
        "KECAMATAN": "PABEAN CANTIAN",
        "ID_DESA": "35.78.12.1005",
        "DESA": "PERAK UTARA",
        "LONGITUDE": 112.7326799,
        "LATITUDE": -7.2209585,
        "STATUS": "BUKA",
        "TANGGAL PENGUMPULAN": "Q2 2024",
        "TANGGAL UPDATE": "27/07/2025"
      }
    },
    {
      "type": "Feature",
      "geometry": { "coordinates": [112.6122417, -7.2327221], "type": "Point" },
      "properties": {
        "fid": 2723,
        "NAMA": "HALTE POLSEK PAKAL A",
        "TIPE_1": "TRANSPORTASI",
        "TIPE_2": "HALTE",
        "TIPE_3": "-",
        "TELEPON": "",
        "ALAMAT": "JL. KAUMAN BARU NO.7, BENOWO, KEC. PAKAL, SURABAYA, JAWA TIMUR 60195",
        "ID_PROV": "35",
        "PROVINSI": "JAWA TIMUR",
        "ID_KABKOT": "35.78",
        "KABKOT": "KOTA SURABAYA",
        "ID_KEC": "35.78.30",
        "KECAMATAN": "PAKAL",
        "ID_DESA": "35.78.30.1005",
        "DESA": "BENOWO",
        "LONGITUDE": 112.6122417,
        "LATITUDE": -7.2327221,
        "STATUS": "BUKA",
        "TANGGAL PENGUMPULAN": "Q2 2024",
        "TANGGAL UPDATE": "27/07/2025"
      }
    },
    {
      "type": "Feature",
      "geometry": { "coordinates": [112.7317905, -7.2837866], "type": "Point" },
      "properties": {
        "fid": 2727,
        "NAMA": "HALTE PRAPANCA B",
        "TIPE_1": "TRANSPORTASI",
        "TIPE_2": "HALTE",
        "TIPE_3": "-",
        "TELEPON": "",
        "ALAMAT": "DARMO, KEC. WONOKROMO, SURABAYA, JAWA TIMUR",
        "ID_PROV": "35",
        "PROVINSI": "JAWA TIMUR",
        "ID_KABKOT": "35.78",
        "KABKOT": "KOTA SURABAYA",
        "ID_KEC": "35.78.04",
        "KECAMATAN": "WONOKROMO",
        "ID_DESA": "35.78.04.1005",
        "DESA": "DARMO",
        "LONGITUDE": 112.7317905,
        "LATITUDE": -7.2837866,
        "STATUS": "BUKA",
        "TANGGAL PENGUMPULAN": "Q2 2024",
        "TANGGAL UPDATE": "27/07/2025"
      }
    },
    {
      "type": "Feature",
      "geometry": { "coordinates": [112.7323788, -7.2345141], "type": "Point" },
      "properties": {
        "fid": 2734,
        "NAMA": "HALTE RAJAWALI",
        "TIPE_1": "TRANSPORTASI",
        "TIPE_2": "HALTE",
        "TIPE_3": "-",
        "TELEPON": "",
        "ALAMAT": "KREMBANGAN SEL., KEC. KREMBANGAN, SURABAYA, JAWA TIMUR 60175",
        "ID_PROV": "35",
        "PROVINSI": "JAWA TIMUR",
        "ID_KABKOT": "35.78",
        "KABKOT": "KOTA SURABAYA",
        "ID_KEC": "35.78.15",
        "KECAMATAN": "KREMBANGAN",
        "ID_DESA": "35.78.15.1001",
        "DESA": "KREMBANGAN SELATAN",
        "LONGITUDE": 112.7323788,
        "LATITUDE": -7.2345141,
        "STATUS": "BUKA",
        "TANGGAL PENGUMPULAN": "Q2 2024",
        "TANGGAL UPDATE": "27/07/2025"
      }
    },
    {
      "type": "Feature",
      "geometry": { "coordinates": [112.7475102, -7.2726696], "type": "Point" },
      "properties": {
        "fid": 2738,
        "NAMA": "HALTE RAYA GUBENG",
        "TIPE_1": "TRANSPORTASI",
        "TIPE_2": "HALTE",
        "TIPE_3": "-",
        "TELEPON": "",
        "ALAMAT": "JL. RAYA GUBENG, GUBENG, KEC. GUBENG, SURABAYA, JAWA TIMUR 60281",
        "ID_PROV": "35",
        "PROVINSI": "JAWA TIMUR",
        "ID_KABKOT": "35.78",
        "KABKOT": "KOTA SURABAYA",
        "ID_KEC": "35.78.08",
        "KECAMATAN": "GUBENG",
        "ID_DESA": "35.78.08.1001",
        "DESA": "GUBENG",
        "LONGITUDE": 112.7475102,
        "LATITUDE": -7.2726696,
        "STATUS": "BUKA",
        "TANGGAL PENGUMPULAN": "Q2 2024",
        "TANGGAL UPDATE": "27/07/2025"
      }
    },
    {
      "type": "Feature",
      "geometry": { "coordinates": [112.7393758, -7.2870441], "type": "Point" },
      "properties": {
        "fid": 2746,
        "NAMA": "HALTE RS DARMO",
        "TIPE_1": "TRANSPORTASI",
        "TIPE_2": "HALTE",
        "TIPE_3": "-",
        "TELEPON": "",
        "ALAMAT": "JL. RAYA DARMO NO.88, DR. SOETOMO, KEC. TEGALSARI, SURABAYA, JAWA TIMUR 60264",
        "ID_PROV": "35",
        "PROVINSI": "JAWA TIMUR",
        "ID_KABKOT": "35.78",
        "KABKOT": "KOTA SURABAYA",
        "ID_KEC": "35.78.05",
        "KECAMATAN": "TEGALSARI",
        "ID_DESA": "35.78.05.1002",
        "DESA": "DR. SOETOMO",
        "LONGITUDE": 112.7393758,
        "LATITUDE": -7.2870441,
        "STATUS": "BUKA",
        "TANGGAL PENGUMPULAN": "Q2 2024",
        "TANGGAL UPDATE": "27/07/2025"
      }
    },
    {
      "type": "Feature",
      "geometry": { "coordinates": [112.7596958, -7.2983789], "type": "Point" },
      "properties": {
        "fid": 2750,
        "NAMA": "HALTE RUKO BARATA JAYA",
        "TIPE_1": "TRANSPORTASI",
        "TIPE_2": "HALTE",
        "TIPE_3": "-",
        "TELEPON": "",
        "ALAMAT": "BARATAJAYA, KEC. GUBENG, SURABAYA, JAWA TIMUR",
        "ID_PROV": "35",
        "PROVINSI": "JAWA TIMUR",
        "ID_KABKOT": "35.78",
        "KABKOT": "KOTA SURABAYA",
        "ID_KEC": "35.78.08",
        "KECAMATAN": "GUBENG",
        "ID_DESA": "35.78.08.1005",
        "DESA": "BARATAJAYA",
        "LONGITUDE": 112.7596958,
        "LATITUDE": -7.2983789,
        "STATUS": "BUKA",
        "TANGGAL PENGUMPULAN": "Q2 2024",
        "TANGGAL UPDATE": "27/07/2025"
      }
    },
    {
      "type": "Feature",
      "geometry": { "coordinates": [112.7509307, -7.2694997], "type": "Point" },
      "properties": {
        "fid": 2751,
        "NAMA": "HALTE RUKO GUBENG B",
        "TIPE_1": "TRANSPORTASI",
        "TIPE_2": "HALTE",
        "TIPE_3": "-",
        "TELEPON": "",
        "ALAMAT": "JL. RAYA GUBENG NO.15, RT.001/RW.06, GUBENG, KEC. GUBENG, SURABAYA, JAWA TIMUR 60281",
        "ID_PROV": "35",
        "PROVINSI": "JAWA TIMUR",
        "ID_KABKOT": "35.78",
        "KABKOT": "KOTA SURABAYA",
        "ID_KEC": "35.78.08",
        "KECAMATAN": "GUBENG",
        "ID_DESA": "35.78.08.1001",
        "DESA": "GUBENG",
        "LONGITUDE": 112.7509307,
        "LATITUDE": -7.2694997,
        "STATUS": "BUKA",
        "TANGGAL PENGUMPULAN": "Q2 2024",
        "TANGGAL UPDATE": "27/07/2025"
      }
    },
    {
      "type": "Feature",
      "geometry": { "coordinates": [112.7664929, -7.3310254], "type": "Point" },
      "properties": {
        "fid": 2753,
        "NAMA": "HALTE RUNGKUT INDUSTRI KIDUL",
        "TIPE_1": "TRANSPORTASI",
        "TIPE_2": "HALTE",
        "TIPE_3": "-",
        "TELEPON": "",
        "ALAMAT": "JL. RUNGKUT INDUSTRI KIDUL, RUNGKUT KIDUL, RUNGKUT, SURABAYA, EAST JAVA 60293",
        "ID_PROV": "35",
        "PROVINSI": "JAWA TIMUR",
        "ID_KABKOT": "35.78",
        "KABKOT": "KOTA SURABAYA",
        "ID_KEC": "35.78.03",
        "KECAMATAN": "RUNGKUT",
        "ID_DESA": "35.78.03.1002",
        "DESA": "RUNGKUT KIDUL",
        "LONGITUDE": 112.7664929,
        "LATITUDE": -7.3310254,
        "STATUS": "BUKA",
        "TANGGAL PENGUMPULAN": "Q2 2024",
        "TANGGAL UPDATE": "27/07/2025"
      }
    },
    {
      "type": "Feature",
      "geometry": { "coordinates": [112.7637963, -7.2795075], "type": "Point" },
      "properties": {
        "fid": 2757,
        "NAMA": "HALTE SAMSAT MANYAR",
        "TIPE_1": "TRANSPORTASI",
        "TIPE_2": "HALTE",
        "TIPE_3": "-",
        "TELEPON": "",
        "ALAMAT": "JL. MANYAR KERTOARJO NO.31, MANYAR SABRANGAN, KEC. MULYOREJO, SURABAYA, JAWA TIMUR 60116",
        "ID_PROV": "35",
        "PROVINSI": "JAWA TIMUR",
        "ID_KABKOT": "35.78",
        "KABKOT": "KOTA SURABAYA",
        "ID_KEC": "35.78.26",
        "KECAMATAN": "MULYOREJO",
        "ID_DESA": "35.78.26.1002",
        "DESA": "MANYAR SABRANGAN",
        "LONGITUDE": 112.7637963,
        "LATITUDE": -7.2795075,
        "STATUS": "BUKA",
        "TANGGAL PENGUMPULAN": "Q2 2024",
        "TANGGAL UPDATE": "27/07/2025"
      }
    },
    {
      "type": "Feature",
      "geometry": { "coordinates": [112.7781092, -7.3006549], "type": "Point" },
      "properties": {
        "fid": 2772,
        "NAMA": "HALTE SEMOLOWARU B",
        "TIPE_1": "TRANSPORTASI",
        "TIPE_2": "HALTE",
        "TIPE_3": "-",
        "TELEPON": "(031) 5661788",
        "ALAMAT": "JL. SEMOLOWARU NO.132, SEMOLOWARU, SUKOLILO, SURABAYA, EAST JAVA 60119",
        "ID_PROV": "35",
        "PROVINSI": "JAWA TIMUR",
        "ID_KABKOT": "35.78",
        "KABKOT": "KOTA SURABAYA",
        "ID_KEC": "35.78.09",
        "KECAMATAN": "SUKOLILO",
        "ID_DESA": "35.78.09.1006",
        "DESA": "SEMOLOWARU",
        "LONGITUDE": 112.7781092,
        "LATITUDE": -7.3006549,
        "STATUS": "BUKA",
        "TANGGAL PENGUMPULAN": "Q2 2024",
        "TANGGAL UPDATE": "27/07/2025"
      }
    },
    {
      "type": "Feature",
      "geometry": { "coordinates": [112.7418576, -7.2629239], "type": "Point" },
      "properties": {
        "fid": 2774,
        "NAMA": "HALTE SIMPANG DUKUH",
        "TIPE_1": "TRANSPORTASI",
        "TIPE_2": "HALTE",
        "TIPE_3": "-",
        "TELEPON": "",
        "ALAMAT": "EMBONG KALIASIN, KEC. GENTENG, SURABAYA, JAWA TIMUR",
        "ID_PROV": "35",
        "PROVINSI": "JAWA TIMUR",
        "ID_KABKOT": "35.78",
        "KABKOT": "KOTA SURABAYA",
        "ID_KEC": "35.78.07",
        "KECAMATAN": "GENTENG",
        "ID_DESA": "35.78.07.1001",
        "DESA": "EMBONG KALIASIN",
        "LONGITUDE": 112.7418576,
        "LATITUDE": -7.2629239,
        "STATUS": "BUKA",
        "TANGGAL PENGUMPULAN": "Q2 2024",
        "TANGGAL UPDATE": "27/07/2025"
      }
    },
    {
      "type": "Feature",
      "geometry": { "coordinates": [112.7296863, -7.2784954], "type": "Point" },
      "properties": {
        "fid": 2776,
        "NAMA": "HALTE SIMPANG KARTINI",
        "TIPE_1": "TRANSPORTASI",
        "TIPE_2": "HALTE",
        "TIPE_3": "-",
        "TELEPON": "",
        "ALAMAT": "JL. P DIPONEGORO NO.63, DR. SOETOMO, KEC. TEGALSARI, SURABAYA, JAWA TIMUR 60264",
        "ID_PROV": "35",
        "PROVINSI": "JAWA TIMUR",
        "ID_KABKOT": "35.78",
        "KABKOT": "KOTA SURABAYA",
        "ID_KEC": "35.78.05",
        "KECAMATAN": "TEGALSARI",
        "ID_DESA": "35.78.05.1002",
        "DESA": "DR. SOETOMO",
        "LONGITUDE": 112.7296863,
        "LATITUDE": -7.2784954,
        "STATUS": "BUKA",
        "TANGGAL PENGUMPULAN": "Q2 2024",
        "TANGGAL UPDATE": "27/07/2025"
      }
    },
    {
      "type": "Feature",
      "geometry": { "coordinates": [112.7323497, -7.2848512], "type": "Point" },
      "properties": {
        "fid": 2777,
        "NAMA": "HALTE SIMPANG PRAPANCA - DR. SOETOMO",
        "TIPE_1": "TRANSPORTASI",
        "TIPE_2": "HALTE",
        "TIPE_3": "-",
        "TELEPON": "",
        "ALAMAT": "DARMO, KEC. WONOKROMO, SURABAYA, JAWA TIMUR",
        "ID_PROV": "35",
        "PROVINSI": "JAWA TIMUR",
        "ID_KABKOT": "35.78",
        "KABKOT": "KOTA SURABAYA",
        "ID_KEC": "35.78.04",
        "KECAMATAN": "WONOKROMO",
        "ID_DESA": "35.78.04.1005",
        "DESA": "DARMO",
        "LONGITUDE": 112.7323497,
        "LATITUDE": -7.2848512,
        "STATUS": "BUKA",
        "TANGGAL PENGUMPULAN": "Q2 2024",
        "TANGGAL UPDATE": "27/07/2025"
      }
    },
    {
      "type": "Feature",
      "geometry": { "coordinates": [112.7336335, -7.2573099], "type": "Point" },
      "properties": {
        "fid": 2778,
        "NAMA": "HALTE SINDORO",
        "TIPE_1": "TRANSPORTASI",
        "TIPE_2": "HALTE",
        "TIPE_3": "-",
        "TELEPON": "",
        "ALAMAT": "SAWAHAN, KEC. SAWAHAN, SURABAYA, JAWA TIMUR",
        "ID_PROV": "35",
        "PROVINSI": "JAWA TIMUR",
        "ID_KABKOT": "35.78",
        "KABKOT": "KOTA SURABAYA",
        "ID_KEC": "35.78.06",
        "KECAMATAN": "SAWAHAN",
        "ID_DESA": "35.78.06.1002",
        "DESA": "SAWAHAN",
        "LONGITUDE": 112.7336335,
        "LATITUDE": -7.2573099,
        "STATUS": "BUKA",
        "TANGGAL PENGUMPULAN": "Q2 2024",
        "TANGGAL UPDATE": "27/07/2025"
      }
    },
    {
      "type": "Feature",
      "geometry": { "coordinates": [112.729086, -7.336769], "type": "Point" },
      "properties": {
        "fid": 2779,
        "NAMA": "HALTE SIWALANKERTO",
        "TIPE_1": "TRANSPORTASI",
        "TIPE_2": "HALTE",
        "TIPE_3": "-",
        "TELEPON": "",
        "ALAMAT": "JL. AHMAD YANI BLK. B NO.248, RT.003/RW.02, GAYUNGAN, KEC. GAYUNGAN, SURABAYA, JAWA TIMUR 60235",
        "ID_PROV": "35",
        "PROVINSI": "JAWA TIMUR",
        "ID_KABKOT": "35.78",
        "KABKOT": "KOTA SURABAYA",
        "ID_KEC": "35.78.22",
        "KECAMATAN": "GAYUNGAN",
        "ID_DESA": "35.78.22.1001",
        "DESA": "GAYUNGAN",
        "LONGITUDE": 112.729086,
        "LATITUDE": -7.336769,
        "STATUS": "BUKA",
        "TANGGAL PENGUMPULAN": "Q2 2024",
        "TANGGAL UPDATE": "27/07/2025"
      }
    },
    {
      "type": "Feature",
      "geometry": { "coordinates": [112.7494987, -7.2619109], "type": "Point" },
      "properties": {
        "fid": 2780,
        "NAMA": "HALTE SLAMET",
        "TIPE_1": "TRANSPORTASI",
        "TIPE_2": "HALTE",
        "TIPE_3": "-",
        "TELEPON": "",
        "ALAMAT": "JL. WALIKOTA MUSTAJAB NO.10, KETABANG, KEC. GENTENG, SURABAYA, JAWA TIMUR 60272",
        "ID_PROV": "35",
        "PROVINSI": "JAWA TIMUR",
        "ID_KABKOT": "35.78",
        "KABKOT": "KOTA SURABAYA",
        "ID_KEC": "35.78.07",
        "KECAMATAN": "GENTENG",
        "ID_DESA": "35.78.07.1004",
        "DESA": "KETABANG",
        "LONGITUDE": 112.7494987,
        "LATITUDE": -7.2619109,
        "STATUS": "BUKA",
        "TANGGAL PENGUMPULAN": "Q2 2024",
        "TANGGAL UPDATE": "27/07/2025"
      }
    },
    {
      "type": "Feature",
      "geometry": { "coordinates": [112.750868, -7.25755], "type": "Point" },
      "properties": {
        "fid": 2783,
        "NAMA": "HALTE SMAN",
        "TIPE_1": "TRANSPORTASI",
        "TIPE_2": "HALTE",
        "TIPE_3": "-",
        "TELEPON": "",
        "ALAMAT": "KETABANG, KEC. GENTENG, SURABAYA, JAWA TIMUR",
        "ID_PROV": "35",
        "PROVINSI": "JAWA TIMUR",
        "ID_KABKOT": "35.78",
        "KABKOT": "KOTA SURABAYA",
        "ID_KEC": "35.78.07",
        "KECAMATAN": "GENTENG",
        "ID_DESA": "35.78.07.1004",
        "DESA": "KETABANG",
        "LONGITUDE": 112.750868,
        "LATITUDE": -7.25755,
        "STATUS": "BUKA",
        "TANGGAL PENGUMPULAN": "Q2 2024",
        "TANGGAL UPDATE": "27/07/2025"
      }
    },
    {
      "type": "Feature",
      "geometry": { "coordinates": [112.750687, -7.25766], "type": "Point" },
      "properties": {
        "fid": 2789,
        "NAMA": "HALTE SMAN 9 SURABAYA",
        "TIPE_1": "TRANSPORTASI",
        "TIPE_2": "HALTE",
        "TIPE_3": "-",
        "TELEPON": "",
        "ALAMAT": "KETABANG, KEC. GENTENG, SURABAYA, JAWA TIMUR",
        "ID_PROV": "35",
        "PROVINSI": "JAWA TIMUR",
        "ID_KABKOT": "35.78",
        "KABKOT": "KOTA SURABAYA",
        "ID_KEC": "35.78.07",
        "KECAMATAN": "GENTENG",
        "ID_DESA": "35.78.07.1004",
        "DESA": "KETABANG",
        "LONGITUDE": 112.750687,
        "LATITUDE": -7.25766,
        "STATUS": "BUKA",
        "TANGGAL PENGUMPULAN": "Q2 2024",
        "TANGGAL UPDATE": "27/07/2025"
      }
    },
    {
      "type": "Feature",
      "geometry": { "coordinates": [112.76846, -7.26646], "type": "Point" },
      "properties": {
        "fid": 2791,
        "NAMA": "HALTE SMKN 5 SURABAYA",
        "TIPE_1": "TRANSPORTASI",
        "TIPE_2": "HALTE",
        "TIPE_3": "-",
        "TELEPON": "",
        "ALAMAT": "MOJO, KEC. GUBENG, SURABAYA, JAWA TIMUR",
        "ID_PROV": "35",
        "PROVINSI": "JAWA TIMUR",
        "ID_KABKOT": "35.78",
        "KABKOT": "KOTA SURABAYA",
        "ID_KEC": "35.78.08",
        "KECAMATAN": "GUBENG",
        "ID_DESA": "35.78.08.1002",
        "DESA": "MOJO",
        "LONGITUDE": 112.76846,
        "LATITUDE": -7.26646,
        "STATUS": "BUKA",
        "TANGGAL PENGUMPULAN": "Q2 2024",
        "TANGGAL UPDATE": "27/07/2025"
      }
    },
    {
      "type": "Feature",
      "geometry": { "coordinates": [112.7438856, -7.2696088], "type": "Point" },
      "properties": {
        "fid": 2802,
        "NAMA": "HALTE SONOKEMBANG",
        "TIPE_1": "TRANSPORTASI",
        "TIPE_2": "HALTE",
        "TIPE_3": "-",
        "TELEPON": "",
        "ALAMAT": "JL. PANGLIMA SUDIRMAN, EMBONG KALIASIN, GENTENG, SURABAYA, EAST JAVA 60271",
        "ID_PROV": "35",
        "PROVINSI": "JAWA TIMUR",
        "ID_KABKOT": "35.78",
        "KABKOT": "KOTA SURABAYA",
        "ID_KEC": "35.78.07",
        "KECAMATAN": "GENTENG",
        "ID_DESA": "35.78.07.1001",
        "DESA": "EMBONG KALIASIN",
        "LONGITUDE": 112.7438856,
        "LATITUDE": -7.2696088,
        "STATUS": "BUKA",
        "TANGGAL PENGUMPULAN": "Q2 2024",
        "TANGGAL UPDATE": "27/07/2025"
      }
    },
    {
      "type": "Feature",
      "geometry": { "coordinates": [112.7464209, -7.2751949], "type": "Point" },
      "properties": {
        "fid": 2810,
        "NAMA": "HALTE SUMBAWA",
        "TIPE_1": "TRANSPORTASI",
        "TIPE_2": "HALTE",
        "TIPE_3": "-",
        "TELEPON": "",
        "ALAMAT": "JL. RAYA GUBENG NO.55, GUBENG, KEC. GUBENG, SURABAYA, JAWA TIMUR 60281",
        "ID_PROV": "35",
        "PROVINSI": "JAWA TIMUR",
        "ID_KABKOT": "35.78",
        "KABKOT": "KOTA SURABAYA",
        "ID_KEC": "35.78.08",
        "KECAMATAN": "GUBENG",
        "ID_DESA": "35.78.08.1001",
        "DESA": "GUBENG",
        "LONGITUDE": 112.7464209,
        "LATITUDE": -7.2751949,
        "STATUS": "BUKA",
        "TANGGAL PENGUMPULAN": "Q2 2024",
        "TANGGAL UPDATE": "27/07/2025"
      }
    },
    {
      "type": "Feature",
      "geometry": { "coordinates": [112.7308239, -7.3293568], "type": "Point" },
      "properties": {
        "fid": 2816,
        "NAMA": "HALTE TAMAN PELANGI",
        "TIPE_1": "TRANSPORTASI",
        "TIPE_2": "HALTE",
        "TIPE_3": "-",
        "TELEPON": "",
        "ALAMAT": "GAYUNGAN, KEC. GAYUNGAN, SURABAYA, JAWA TIMUR",
        "ID_PROV": "35",
        "PROVINSI": "JAWA TIMUR",
        "ID_KABKOT": "35.78",
        "KABKOT": "KOTA SURABAYA",
        "ID_KEC": "35.78.22",
        "KECAMATAN": "GAYUNGAN",
        "ID_DESA": "35.78.22.1001",
        "DESA": "GAYUNGAN",
        "LONGITUDE": 112.7308239,
        "LATITUDE": -7.3293568,
        "STATUS": "BUKA",
        "TANGGAL PENGUMPULAN": "Q2 2024",
        "TANGGAL UPDATE": "27/07/2025"
      }
    },
    {
      "type": "Feature",
      "geometry": { "coordinates": [112.7565749, -7.2688609], "type": "Point" },
      "properties": {
        "fid": 2870,
        "NAMA": "HALTE TRANS SEMANGGI SUROBOYO RSUD DR SOETOMO",
        "TIPE_1": "TRANSPORTASI",
        "TIPE_2": "HALTE",
        "TIPE_3": "-",
        "TELEPON": "",
        "ALAMAT": "AIRLANGGA, KEC. GUBENG, SURABAYA, JAWA TIMUR 60286",
        "ID_PROV": "35",
        "PROVINSI": "JAWA TIMUR",
        "ID_KABKOT": "35.78",
        "KABKOT": "KOTA SURABAYA",
        "ID_KEC": "35.78.08",
        "KECAMATAN": "GUBENG",
        "ID_DESA": "35.78.08.1003",
        "DESA": "AIRLANGGA",
        "LONGITUDE": 112.7565749,
        "LATITUDE": -7.2688609,
        "STATUS": "BUKA",
        "TANGGAL PENGUMPULAN": "Q2 2024",
        "TANGGAL UPDATE": "27/07/2025"
      }
    },
    {
      "type": "Feature",
      "geometry": { "coordinates": [112.7377721, -7.2572477], "type": "Point" },
      "properties": {
        "fid": 2880,
        "NAMA": "HALTE TUNJUNGAN",
        "TIPE_1": "TRANSPORTASI",
        "TIPE_2": "HALTE",
        "TIPE_3": "-",
        "TELEPON": "",
        "ALAMAT": "GENTENG, KEC. GENTENG, SURABAYA, JAWA TIMUR",
        "ID_PROV": "35",
        "PROVINSI": "JAWA TIMUR",
        "ID_KABKOT": "35.78",
        "KABKOT": "KOTA SURABAYA",
        "ID_KEC": "35.78.07",
        "KECAMATAN": "GENTENG",
        "ID_DESA": "35.78.07.1002",
        "DESA": "GENTENG",
        "LONGITUDE": 112.7377721,
        "LATITUDE": -7.2572477,
        "STATUS": "BUKA",
        "TANGGAL PENGUMPULAN": "Q2 2024",
        "TANGGAL UPDATE": "27/07/2025"
      }
    },
    {
      "type": "Feature",
      "geometry": { "coordinates": [112.7394951, -7.2603637], "type": "Point" },
      "properties": {
        "fid": 2881,
        "NAMA": "HALTE TUNJUNGAN",
        "TIPE_1": "TRANSPORTASI",
        "TIPE_2": "HALTE",
        "TIPE_3": "-",
        "TELEPON": "",
        "ALAMAT": "JL. TUNJUNGAN, KEDUNGDORO, GENTENG, SURABAYA, EAST JAVA",
        "ID_PROV": "35",
        "PROVINSI": "JAWA TIMUR",
        "ID_KABKOT": "35.78",
        "KABKOT": "KOTA SURABAYA",
        "ID_KEC": "35.78.07",
        "KECAMATAN": "GENTENG",
        "ID_DESA": "35.78.07.1002",
        "DESA": "GENTENG",
        "LONGITUDE": 112.7394951,
        "LATITUDE": -7.2603637,
        "STATUS": "BUKA",
        "TANGGAL PENGUMPULAN": "Q2 2024",
        "TANGGAL UPDATE": "27/07/2025"
      }
    },
    {
      "type": "Feature",
      "geometry": { "coordinates": [112.7324947, -7.3213899], "type": "Point" },
      "properties": {
        "fid": 2883,
        "NAMA": "HALTE UBHARA",
        "TIPE_1": "TRANSPORTASI",
        "TIPE_2": "HALTE",
        "TIPE_3": "-",
        "TELEPON": "",
        "ALAMAT": "JL. AHMAD YANI, KETINTANG, KEC. GAYUNGAN, SURABAYA, JAWA TIMUR 60231",
        "ID_PROV": "35",
        "PROVINSI": "JAWA TIMUR",
        "ID_KABKOT": "35.78",
        "KABKOT": "KOTA SURABAYA",
        "ID_KEC": "35.78.22",
        "KECAMATAN": "GAYUNGAN",
        "ID_DESA": "35.78.22.1004",
        "DESA": "KETINTANG",
        "LONGITUDE": 112.7324947,
        "LATITUDE": -7.3213899,
        "STATUS": "BUKA",
        "TANGGAL PENGUMPULAN": "Q2 2024",
        "TANGGAL UPDATE": "27/07/2025"
      }
    },
    {
      "type": "Feature",
      "geometry": { "coordinates": [112.7325191, -7.3214264], "type": "Point" },
      "properties": {
        "fid": 2884,
        "NAMA": "HALTE UBHARA",
        "TIPE_1": "TRANSPORTASI",
        "TIPE_2": "HALTE",
        "TIPE_3": "-",
        "TELEPON": "",
        "ALAMAT": "CITY OF TOMORROW, BLOK GS, NO. 72, JL. AHMAD YANI NO.005, KETINTANG, GAYUNGAN, SURABAYA, EAST JAVA 60231",
        "ID_PROV": "35",
        "PROVINSI": "JAWA TIMUR",
        "ID_KABKOT": "35.78",
        "KABKOT": "KOTA SURABAYA",
        "ID_KEC": "35.78.22",
        "KECAMATAN": "GAYUNGAN",
        "ID_DESA": "35.78.22.1004",
        "DESA": "KETINTANG",
        "LONGITUDE": 112.7325191,
        "LATITUDE": -7.3214264,
        "STATUS": "BUKA",
        "TANGGAL PENGUMPULAN": "Q2 2024",
        "TANGGAL UPDATE": "27/07/2025"
      }
    },
    {
      "type": "Feature",
      "geometry": { "coordinates": [112.727515, -7.2758567], "type": "Point" },
      "properties": {
        "fid": 2885,
        "NAMA": "HALTE UD. SURYA JAYA",
        "TIPE_1": "TRANSPORTASI",
        "TIPE_2": "HALTE",
        "TIPE_3": "-",
        "TELEPON": "",
        "ALAMAT": "DR. SOETOMO, KEC. TEGALSARI, SURABAYA, JAWA TIMUR",
        "ID_PROV": "35",
        "PROVINSI": "JAWA TIMUR",
        "ID_KABKOT": "35.78",
        "KABKOT": "KOTA SURABAYA",
        "ID_KEC": "35.78.05",
        "KECAMATAN": "TEGALSARI",
        "ID_DESA": "35.78.05.1002",
        "DESA": "DR. SOETOMO",
        "LONGITUDE": 112.727515,
        "LATITUDE": -7.2758567,
        "STATUS": "BUKA",
        "TANGGAL PENGUMPULAN": "Q2 2024",
        "TANGGAL UPDATE": "27/07/2025"
      }
    },
    {
      "type": "Feature",
      "geometry": { "coordinates": [112.75758, -7.26562], "type": "Point" },
      "properties": {
        "fid": 2887,
        "NAMA": "HALTE UNAIR KAMPUS A",
        "TIPE_1": "TRANSPORTASI",
        "TIPE_2": "HALTE",
        "TIPE_3": "-",
        "TELEPON": "",
        "ALAMAT": "PACAR KEMBANG, KEC. TAMBAKSARI, SURABAYA, JAWA TIMUR",
        "ID_PROV": "35",
        "PROVINSI": "JAWA TIMUR",
        "ID_KABKOT": "35.78",
        "KABKOT": "KOTA SURABAYA",
        "ID_KEC": "35.78.10",
        "KECAMATAN": "TAMBAKSARI",
        "ID_DESA": "35.78.10.1004",
        "DESA": "PACARKEMBANG",
        "LONGITUDE": 112.75758,
        "LATITUDE": -7.26562,
        "STATUS": "BUKA",
        "TANGGAL PENGUMPULAN": "Q2 2024",
        "TANGGAL UPDATE": "27/07/2025"
      }
    },
    {
      "type": "Feature",
      "geometry": { "coordinates": [112.6753578, -7.2983343], "type": "Point" },
      "properties": {
        "fid": 2888,
        "NAMA": "HALTE UNESA",
        "TIPE_1": "TRANSPORTASI",
        "TIPE_2": "HALTE",
        "TIPE_3": "-",
        "TELEPON": "",
        "ALAMAT": "JL. MAYJEN YONO SUWOYO, LIDAH WETAN, LAKARSANTRI, SURABAYA, EAST JAVA 60213",
        "ID_PROV": "35",
        "PROVINSI": "JAWA TIMUR",
        "ID_KABKOT": "35.78",
        "KABKOT": "KOTA SURABAYA",
        "ID_KEC": "35.78.20",
        "KECAMATAN": "WIYUNG",
        "ID_DESA": "35.78.20.1003",
        "DESA": "BABATAN",
        "LONGITUDE": 112.6753578,
        "LATITUDE": -7.2983343,
        "STATUS": "BUKA",
        "TANGGAL PENGUMPULAN": "Q2 2024",
        "TANGGAL UPDATE": "27/07/2025"
      }
    },
    {
      "type": "Feature",
      "geometry": { "coordinates": [112.7295404, -7.2672775], "type": "Point" },
      "properties": {
        "fid": 2894,
        "NAMA": "HALTE WONOREJO A",
        "TIPE_1": "TRANSPORTASI",
        "TIPE_2": "HALTE",
        "TIPE_3": "-",
        "TELEPON": "",
        "ALAMAT": "SAWAHAN, KEC. SAWAHAN, SURABAYA, JAWA TIMUR",
        "ID_PROV": "35",
        "PROVINSI": "JAWA TIMUR",
        "ID_KABKOT": "35.78",
        "KABKOT": "KOTA SURABAYA",
        "ID_KEC": "35.78.06",
        "KECAMATAN": "SAWAHAN",
        "ID_DESA": "35.78.06.1002",
        "DESA": "SAWAHAN",
        "LONGITUDE": 112.7295404,
        "LATITUDE": -7.2672775,
        "STATUS": "BUKA",
        "TANGGAL PENGUMPULAN": "Q2 2024",
        "TANGGAL UPDATE": "27/07/2025"
      }
    },
    {
      "type": "Feature",
      "geometry": { "coordinates": [112.7296799, -7.2673603], "type": "Point" },
      "properties": {
        "fid": 2895,
        "NAMA": "HALTE WONOREJO B",
        "TIPE_1": "TRANSPORTASI",
        "TIPE_2": "HALTE",
        "TIPE_3": "-",
        "TELEPON": "",
        "ALAMAT": "WONOREJO, KEC. TEGALSARI, SURABAYA, JAWA TIMUR",
        "ID_PROV": "35",
        "PROVINSI": "JAWA TIMUR",
        "ID_KABKOT": "35.78",
        "KABKOT": "KOTA SURABAYA",
        "ID_KEC": "35.78.06",
        "KECAMATAN": "SAWAHAN",
        "ID_DESA": "35.78.06.1002",
        "DESA": "SAWAHAN",
        "LONGITUDE": 112.7296799,
        "LATITUDE": -7.2673603,
        "STATUS": "BUKA",
        "TANGGAL PENGUMPULAN": "Q2 2024",
        "TANGGAL UPDATE": "27/07/2025"
      }
    },
    {
      "type": "Feature",
      "geometry": { "coordinates": [112.740923, -7.264812], "type": "Point" },
      "properties": {
        "fid": 2898,
        "NAMA": "KALIASIN",
        "TIPE_1": "TRANSPORTASI",
        "TIPE_2": "HALTE",
        "TIPE_3": "-",
        "TELEPON": "",
        "ALAMAT": "JL. BASUKI RAHMAT, KEDUNGDORO, KEC. TEGALSARI, SURABAYA, JAWA TIMUR 60261",
        "ID_PROV": "35",
        "PROVINSI": "JAWA TIMUR",
        "ID_KABKOT": "35.78",
        "KABKOT": "KOTA SURABAYA",
        "ID_KEC": "35.78.05",
        "KECAMATAN": "TEGALSARI",
        "ID_DESA": "35.78.05.1003",
        "DESA": "KEDUNGDORO",
        "LONGITUDE": 112.740923,
        "LATITUDE": -7.264812,
        "STATUS": "BUKA",
        "TANGGAL PENGUMPULAN": "Q2 2024",
        "TANGGAL UPDATE": "27/07/2025"
      }
    },
    {
      "type": "Feature",
      "geometry": { "coordinates": [112.7593974, -7.2790633], "type": "Point" },
      "properties": {
        "fid": 2903,
        "NAMA": "KERTAJAYA A",
        "TIPE_1": "TRANSPORTASI",
        "TIPE_2": "HALTE",
        "TIPE_3": "-",
        "TELEPON": "",
        "ALAMAT": "KERTAJAYA, KEC. GUBENG, SURABAYA, JAWA TIMUR",
        "ID_PROV": "35",
        "PROVINSI": "JAWA TIMUR",
        "ID_KABKOT": "35.78",
        "KABKOT": "KOTA SURABAYA",
        "ID_KEC": "35.78.08",
        "KECAMATAN": "GUBENG",
        "ID_DESA": "35.78.08.1004",
        "DESA": "KERTAJAYA",
        "LONGITUDE": 112.7593974,
        "LATITUDE": -7.2790633,
        "STATUS": "BUKA",
        "TANGGAL PENGUMPULAN": "Q2 2024",
        "TANGGAL UPDATE": "27/07/2025"
      }
    },
    {
      "type": "Feature",
      "geometry": { "coordinates": [112.734908, -7.310006], "type": "Point" },
      "properties": {
        "fid": 2904,
        "NAMA": "KETINTANG",
        "TIPE_1": "TRANSPORTASI",
        "TIPE_2": "HALTE",
        "TIPE_3": "-",
        "TELEPON": "",
        "ALAMAT": "WONOKROMO, KEC. WONOKROMO, SURABAYA, JAWA TIMUR",
        "ID_PROV": "35",
        "PROVINSI": "JAWA TIMUR",
        "ID_KABKOT": "35.78",
        "KABKOT": "KOTA SURABAYA",
        "ID_KEC": "35.78.04",
        "KECAMATAN": "WONOKROMO",
        "ID_DESA": "35.78.04.1001",
        "DESA": "WONOKROMO",
        "LONGITUDE": 112.734908,
        "LATITUDE": -7.310006,
        "STATUS": "BUKA",
        "TANGGAL PENGUMPULAN": "Q2 2024",
        "TANGGAL UPDATE": "27/07/2025"
      }
    },
    {
      "type": "Feature",
      "geometry": { "coordinates": [112.72883, -7.29264], "type": "Point" },
      "properties": {
        "fid": 2907,
        "NAMA": "KPU",
        "TIPE_1": "TRANSPORTASI",
        "TIPE_2": "HALTE",
        "TIPE_3": "-",
        "TELEPON": "",
        "ALAMAT": "SAWUNGGALING, KEC. WONOKROMO, SURABAYA, JAWA TIMUR",
        "ID_PROV": "35",
        "PROVINSI": "JAWA TIMUR",
        "ID_KABKOT": "35.78",
        "KABKOT": "KOTA SURABAYA",
        "ID_KEC": "35.78.04",
        "KECAMATAN": "WONOKROMO",
        "ID_DESA": "35.78.04.1006",
        "DESA": "SAWUNGGALING",
        "LONGITUDE": 112.72883,
        "LATITUDE": -7.29264,
        "STATUS": "BUKA",
        "TANGGAL PENGUMPULAN": "Q2 2024",
        "TANGGAL UPDATE": "27/07/2025"
      }
    },
    {
      "type": "Feature",
      "geometry": { "coordinates": [112.75645, -7.26751], "type": "Point" },
      "properties": {
        "fid": 2909,
        "NAMA": "LAPANGAN HOCKEY",
        "TIPE_1": "TRANSPORTASI",
        "TIPE_2": "HALTE",
        "TIPE_3": "-",
        "TELEPON": "",
        "ALAMAT": "AIRLANGGA, KEC. GUBENG, SURABAYA, JAWA TIMUR",
        "ID_PROV": "35",
        "PROVINSI": "JAWA TIMUR",
        "ID_KABKOT": "35.78",
        "KABKOT": "KOTA SURABAYA",
        "ID_KEC": "35.78.08",
        "KECAMATAN": "GUBENG",
        "ID_DESA": "35.78.08.1003",
        "DESA": "AIRLANGGA",
        "LONGITUDE": 112.75645,
        "LATITUDE": -7.26751,
        "STATUS": "BUKA",
        "TANGGAL PENGUMPULAN": "Q2 2024",
        "TANGGAL UPDATE": "27/07/2025"
      }
    },
    {
      "type": "Feature",
      "geometry": { "coordinates": [112.75414, -7.26441], "type": "Point" },
      "properties": {
        "fid": 2910,
        "NAMA": "MOESTOPO",
        "TIPE_1": "TRANSPORTASI",
        "TIPE_2": "HALTE",
        "TIPE_3": "-",
        "TELEPON": "",
        "ALAMAT": "PACAR KELING, KEC. TAMBAKSARI, SURABAYA, JAWA TIMUR",
        "ID_PROV": "35",
        "PROVINSI": "JAWA TIMUR",
        "ID_KABKOT": "35.78",
        "KABKOT": "KOTA SURABAYA",
        "ID_KEC": "35.78.10",
        "KECAMATAN": "TAMBAKSARI",
        "ID_DESA": "35.78.10.1006",
        "DESA": "PACARKELING",
        "LONGITUDE": 112.75414,
        "LATITUDE": -7.26441,
        "STATUS": "BUKA",
        "TANGGAL PENGUMPULAN": "Q2 2024",
        "TANGGAL UPDATE": "27/07/2025"
      }
    },
    {
      "type": "Feature",
      "geometry": { "coordinates": [112.7152859, -7.2911768], "type": "Point" },
      "properties": {
        "fid": 2912,
        "NAMA": "PARK AND RIDE MAYJEN SUNGKONO B",
        "TIPE_1": "TRANSPORTASI",
        "TIPE_2": "HALTE",
        "TIPE_3": "-",
        "TELEPON": "",
        "ALAMAT": "DUKUH PAKIS, KEC. DUKUHPAKIS, SURABAYA, JAWA TIMUR",
        "ID_PROV": "35",
        "PROVINSI": "JAWA TIMUR",
        "ID_KABKOT": "35.78",
        "KABKOT": "KOTA SURABAYA",
        "ID_KEC": "35.78.21",
        "KECAMATAN": "DUKUH PAKIS",
        "ID_DESA": "35.78.21.1001",
        "DESA": "DUKUH PAKIS",
        "LONGITUDE": 112.7152859,
        "LATITUDE": -7.2911768,
        "STATUS": "BUKA",
        "TANGGAL PENGUMPULAN": "Q2 2024",
        "TANGGAL UPDATE": "27/07/2025"
      }
    },
    {
      "type": "Feature",
      "geometry": { "coordinates": [112.74767, -7.26527], "type": "Point" },
      "properties": {
        "fid": 2913,
        "NAMA": "PEMUDA",
        "TIPE_1": "TRANSPORTASI",
        "TIPE_2": "HALTE",
        "TIPE_3": "-",
        "TELEPON": "",
        "ALAMAT": "EMBONG KALIASIN, KEC. GENTENG, SURABAYA, JAWA TIMUR",
        "ID_PROV": "35",
        "PROVINSI": "JAWA TIMUR",
        "ID_KABKOT": "35.78",
        "KABKOT": "KOTA SURABAYA",
        "ID_KEC": "35.78.07",
        "KECAMATAN": "GENTENG",
        "ID_DESA": "35.78.07.1001",
        "DESA": "EMBONG KALIASIN",
        "LONGITUDE": 112.74767,
        "LATITUDE": -7.26527,
        "STATUS": "BUKA",
        "TANGGAL PENGUMPULAN": "Q2 2024",
        "TANGGAL UPDATE": "27/07/2025"
      }
    },
    {
      "type": "Feature",
      "geometry": { "coordinates": [112.7452715, -7.2767677], "type": "Point" },
      "properties": {
        "fid": 2914,
        "NAMA": "PJL HALTE NGAGEL",
        "TIPE_1": "TRANSPORTASI",
        "TIPE_2": "HALTE",
        "TIPE_3": "-",
        "TELEPON": "",
        "ALAMAT": "JL. SULAWESI, KEPUTRAN, KEC. TEGALSARI, SURABAYA, JAWA TIMUR 60281",
        "ID_PROV": "35",
        "PROVINSI": "JAWA TIMUR",
        "ID_KABKOT": "35.78",
        "KABKOT": "KOTA SURABAYA",
        "ID_KEC": "35.78.08",
        "KECAMATAN": "GUBENG",
        "ID_DESA": "35.78.08.1001",
        "DESA": "GUBENG",
        "LONGITUDE": 112.7452715,
        "LATITUDE": -7.2767677,
        "STATUS": "BUKA",
        "TANGGAL PENGUMPULAN": "Q2 2024",
        "TANGGAL UPDATE": "27/07/2025"
      }
    },
    {
      "type": "Feature",
      "geometry": { "coordinates": [112.7554702, -7.2654612], "type": "Point" },
      "properties": {
        "fid": 2920,
        "NAMA": "SMA NEGERI 4",
        "TIPE_1": "TRANSPORTASI",
        "TIPE_2": "HALTE",
        "TIPE_3": "-",
        "TELEPON": "",
        "ALAMAT": "PACAR KELING, KEC. TAMBAKSARI, SURABAYA, JAWA TIMUR",
        "ID_PROV": "35",
        "PROVINSI": "JAWA TIMUR",
        "ID_KABKOT": "35.78",
        "KABKOT": "KOTA SURABAYA",
        "ID_KEC": "35.78.10",
        "KECAMATAN": "TAMBAKSARI",
        "ID_DESA": "35.78.10.1006",
        "DESA": "PACARKELING",
        "LONGITUDE": 112.7554702,
        "LATITUDE": -7.2654612,
        "STATUS": "BUKA",
        "TANGGAL PENGUMPULAN": "Q2 2024",
        "TANGGAL UPDATE": "27/07/2025"
      }
    },
    {
      "type": "Feature",
      "geometry": { "coordinates": [112.7517176, -7.2648484], "type": "Point" },
      "properties": {
        "fid": 2921,
        "NAMA": "SMP - SMA GRACIA",
        "TIPE_1": "TRANSPORTASI",
        "TIPE_2": "HALTE",
        "TIPE_3": "-",
        "TELEPON": "",
        "ALAMAT": "KETABANG, GENTENG, SURABAYA, JAWA TIMUR 60272",
        "ID_PROV": "35",
        "PROVINSI": "JAWA TIMUR",
        "ID_KABKOT": "35.78",
        "KABKOT": "KOTA SURABAYA",
        "ID_KEC": "35.78.10",
        "KECAMATAN": "TAMBAKSARI",
        "ID_DESA": "35.78.10.1006",
        "DESA": "PACARKELING",
        "LONGITUDE": 112.7517176,
        "LATITUDE": -7.2648484,
        "STATUS": "BUKA",
        "TANGGAL PENGUMPULAN": "Q2 2024",
        "TANGGAL UPDATE": "27/07/2025"
      }
    },
    {
      "type": "Feature",
      "geometry": { "coordinates": [112.743836, -7.269589], "type": "Point" },
      "properties": {
        "fid": 2922,
        "NAMA": "SONO KEMBANG",
        "TIPE_1": "TRANSPORTASI",
        "TIPE_2": "HALTE",
        "TIPE_3": "-",
        "TELEPON": "",
        "ALAMAT": "EMBONG KALIASIN, KEC. GENTENG, SURABAYA, JAWA TIMUR",
        "ID_PROV": "35",
        "PROVINSI": "JAWA TIMUR",
        "ID_KABKOT": "35.78",
        "KABKOT": "KOTA SURABAYA",
        "ID_KEC": "35.78.07",
        "KECAMATAN": "GENTENG",
        "ID_DESA": "35.78.07.1001",
        "DESA": "EMBONG KALIASIN",
        "LONGITUDE": 112.743836,
        "LATITUDE": -7.269589,
        "STATUS": "BUKA",
        "TANGGAL PENGUMPULAN": "Q2 2024",
        "TANGGAL UPDATE": "27/07/2025"
      }
    },
    {
      "type": "Feature",
      "geometry": { "coordinates": [112.70832, -7.28854], "type": "Point" },
      "properties": {
        "fid": 2923,
        "NAMA": "TAMAN MAKAM PAHLAWAN 2",
        "TIPE_1": "TRANSPORTASI",
        "TIPE_2": "HALTE",
        "TIPE_3": "-",
        "TELEPON": "",
        "ALAMAT": "DUKUH PAKIS, KEC. DUKUHPAKIS, SURABAYA, JAWA TIMUR",
        "ID_PROV": "35",
        "PROVINSI": "JAWA TIMUR",
        "ID_KABKOT": "35.78",
        "KABKOT": "KOTA SURABAYA",
        "ID_KEC": "35.78.21",
        "KECAMATAN": "DUKUH PAKIS",
        "ID_DESA": "35.78.21.1001",
        "DESA": "DUKUH PAKIS",
        "LONGITUDE": 112.70832,
        "LATITUDE": -7.28854,
        "STATUS": "BUKA",
        "TANGGAL PENGUMPULAN": "Q2 2024",
        "TANGGAL UPDATE": "27/07/2025"
      }
    },
    {
      "type": "Feature",
      "geometry": { "coordinates": [112.738428, -7.244023], "type": "Point" },
      "properties": {
        "fid": 2930,
        "NAMA": "TUGU PAHLAWAN",
        "TIPE_1": "TRANSPORTASI",
        "TIPE_2": "HALTE",
        "TIPE_3": "-",
        "TELEPON": "",
        "ALAMAT": "KREMBANGAN SEL., KEC. KREMBANGAN, SURABAYA, JAWA TIMUR",
        "ID_PROV": "35",
        "PROVINSI": "JAWA TIMUR",
        "ID_KABKOT": "35.78",
        "KABKOT": "KOTA SURABAYA",
        "ID_KEC": "35.78.15",
        "KECAMATAN": "KREMBANGAN",
        "ID_DESA": "35.78.15.1001",
        "DESA": "KREMBANGAN SELATAN",
        "LONGITUDE": 112.738428,
        "LATITUDE": -7.244023,
        "STATUS": "BUKA",
        "TANGGAL PENGUMPULAN": "Q2 2024",
        "TANGGAL UPDATE": "27/07/2025"
      }
    },
    {
      "type": "Feature",
      "geometry": { "coordinates": [112.7392414, -7.2597853], "type": "Point" },
      "properties": {
        "fid": 2931,
        "NAMA": "TUNJUNGAN",
        "TIPE_1": "TRANSPORTASI",
        "TIPE_2": "HALTE",
        "TIPE_3": "-",
        "TELEPON": "",
        "ALAMAT": "GENTENG, KEC. GENTENG, SURABAYA, JAWA TIMUR",
        "ID_PROV": "35",
        "PROVINSI": "JAWA TIMUR",
        "ID_KABKOT": "35.78",
        "KABKOT": "KOTA SURABAYA",
        "ID_KEC": "35.78.07",
        "KECAMATAN": "GENTENG",
        "ID_DESA": "35.78.07.1002",
        "DESA": "GENTENG",
        "LONGITUDE": 112.7392414,
        "LATITUDE": -7.2597853,
        "STATUS": "BUKA",
        "TANGGAL PENGUMPULAN": "Q2 2024",
        "TANGGAL UPDATE": "27/07/2025"
      }
    },
    {
      "type": "Feature",
      "geometry": { "coordinates": [112.74194, -7.27401], "type": "Point" },
      "properties": {
        "fid": 2932,
        "NAMA": "URIP SUMOHARJO 1",
        "TIPE_1": "TRANSPORTASI",
        "TIPE_2": "HALTE",
        "TIPE_3": "-",
        "TELEPON": "",
        "ALAMAT": "EMBONG KALIASIN, KEC. GENTENG, SURABAYA, JAWA TIMUR",
        "ID_PROV": "35",
        "PROVINSI": "JAWA TIMUR",
        "ID_KABKOT": "35.78",
        "KABKOT": "KOTA SURABAYA",
        "ID_KEC": "35.78.07",
        "KECAMATAN": "GENTENG",
        "ID_DESA": "35.78.07.1001",
        "DESA": "EMBONG KALIASIN",
        "LONGITUDE": 112.74194,
        "LATITUDE": -7.27401,
        "STATUS": "BUKA",
        "TANGGAL PENGUMPULAN": "Q2 2024",
        "TANGGAL UPDATE": "27/07/2025"
      }
    },
    {
      "type": "Feature",
      "geometry": { "coordinates": [112.6465229, -7.1973529], "type": "Point" },
      "properties": {
        "fid": 2935,
        "NAMA": "WARKOP HALTE",
        "TIPE_1": "TRANSPORTASI",
        "TIPE_2": "HALTE",
        "TIPE_3": "-",
        "TELEPON": "0857-3391-7895",
        "ALAMAT": "JL. TAMBAK OSOWILANGUN NO.19, TENGGULUNAN, TAMBAK OSOWILANGUN, KEC. BENOWO, KABUPATEN GRESIK, JAWA TIMUR 60192",
        "ID_PROV": "35",
        "PROVINSI": "JAWA TIMUR",
        "ID_KABKOT": "35.78",
        "KABKOT": "KOTA SURABAYA",
        "ID_KEC": "35.78.19",
        "KECAMATAN": "BENOWO",
        "ID_DESA": "35.78.19.1005",
        "DESA": "ROMOKALISARI",
        "LONGITUDE": 112.6465229,
        "LATITUDE": -7.1973529,
        "STATUS": "BUKA",
        "TANGGAL PENGUMPULAN": "Q2 2024",
        "TANGGAL UPDATE": "27/07/2025"
      }
    }
  ]
}
